OrderID,OrderDate,ShippedDate,DeliveredDate,Category,State,CustomerID,Quantity,UnitPrice,Sales,PaymentMethod,DeliveryStatus,Rating
ORD100000,29-11-2022,04-12-2022,10-12-2022,Toys,Maharashtra,CUST8329,3,3324,9972,Debit Card,Cancelled,3
ORD100001,17-05-2022,17-05-2022,18-05-2022,Toys,Punjab,CUST5782,2,3104,6208,Debit Card,Delivered,1
ORD100002,17-01-2022,17-01-2022,22-01-2022,Beauty,Tamil Nadu,CUST2607,8,571,4568,Debit Card,Cancelled,
ORD100003,23-09-2022,23-09-2022,29-09-2022,Grocery,Maharashtra,CUST1326,5,720,3600,Debit Card,Cancelled,3
ORD100004,12-06-2023,12-06-2023,16-06-2023,Beauty,Delhi,CUST1848,1,4970,4970,Net Banking,In Transit,4
ORD100005,31-01-2022,04-02-2022,11-02-2022,Clothing,Gujarat,CUST3621,6,2475,14850,Credit Card,Delivered,5
ORD100006,04-09-2022,06-09-2022,08-09-2022,Clothing,Maharashtra,CUST3517,8,824,6592,Credit Card,Delivered,3
ORD100007,25-10-2023,27-10-2023,30-10-2023,Home Decor,Maharashtra,CUST1215,3,2352,7056,Net Banking,Cancelled,1
ORD100008,21-11-2022,26-11-2022,30-11-2022,Beauty,Delhi,CUST3902,5,4513,22565,Debit Card,Returned,
ORD100009,07-12-2022,10-12-2022,15-12-2022,Books,Punjab,CUST8317,5,1219,6095,Net Banking,Returned,
ORD100010,29-06-2022,03-07-2022,09-07-2022,Toys,Kerala,CUST4556,5,1171,5855,Net Banking,Cancelled,
ORD100011,28-02-2022,02-03-2022,05-03-2022,Beauty,Uttar Pradesh,CUST2404,7,2632,18424,UPI,In Transit,5
ORD100012,19-11-2023,21-11-2023,28-11-2023,Beauty,Gujarat,CUST1638,10,290,2900,Debit Card,Delivered,4
ORD100013,06-04-2023,09-04-2023,11-04-2023,Clothing,Gujarat,CUST7141,2,4571,9142,Debit Card,Returned,3
ORD100014,29-11-2022,30-11-2022,05-12-2022,Electronics,Delhi,CUST4757,5,2253,11265,Wallet,Delivered,1
ORD100015,29-05-2023,02-06-2023,06-06-2023,Beauty,Punjab,CUST6518,9,4118,37062,UPI,Returned,5
ORD100016,19-08-2023,21-08-2023,23-08-2023,Footwear,Gujarat,CUST1637,5,823,4115,Debit Card,Returned,
ORD100017,11-03-2023,13-03-2023,17-03-2023,Footwear,Kerala,CUST5638,9,4581,41229,Net Banking,Delivered,5
ORD100018,13-07-2022,17-07-2022,18-07-2022,Beauty,Kerala,CUST8536,4,1961,7844,Net Banking,Cancelled,
ORD100019,12-04-2023,17-04-2023,24-04-2023,Grocery,Karnataka,CUST9934,6,3887,23322,UPI,Cancelled,2
ORD100020,01-01-2022,06-01-2022,13-01-2022,Grocery,Gujarat,CUST9982,4,4221,16884,Net Banking,Cancelled,5
ORD100021,03-07-2023,06-07-2023,13-07-2023,Electronics,Punjab,CUST1698,2,4198,8396,Wallet,Cancelled,5
ORD100022,03-05-2022,08-05-2022,14-05-2022,Clothing,Karnataka,CUST9558,3,3657,10971,Net Banking,In Transit,4
ORD100023,30-01-2023,30-01-2023,31-01-2023,Home Decor,Kerala,CUST2447,2,738,1476,UPI,Returned,
ORD100024,17-07-2022,20-07-2022,25-07-2022,Footwear,Uttar Pradesh,CUST6830,7,2656,18592,Credit Card,Returned,
ORD100025,14-01-2023,16-01-2023,20-01-2023,Home Decor,Tamil Nadu,CUST7972,7,2436,17052,Net Banking,In Transit,2
ORD100026,04-01-2022,09-01-2022,12-01-2022,Electronics,Maharashtra,CUST8877,7,2211,15477,Net Banking,Cancelled,3
ORD100027,11-04-2023,16-04-2023,21-04-2023,Clothing,Delhi,CUST6459,1,4678,4678,UPI,Cancelled,5
ORD100028,09-09-2022,14-09-2022,16-09-2022,Home Decor,Uttar Pradesh,CUST1550,3,2338,7014,Credit Card,Returned,
ORD100029,01-07-2023,05-07-2023,12-07-2023,Clothing,Kerala,CUST7234,7,2813,19691,Debit Card,Delivered,4
ORD100030,20-12-2022,24-12-2022,27-12-2022,Beauty,Uttar Pradesh,CUST9545,4,4891,19564,UPI,Returned,
ORD100031,05-01-2023,07-01-2023,10-01-2023,Beauty,Kerala,CUST5253,10,4684,46840,UPI,Returned,5
ORD100032,19-05-2022,20-05-2022,24-05-2022,Clothing,Gujarat,CUST5077,8,4958,39664,Wallet,Returned,
ORD100033,08-04-2023,11-04-2023,14-04-2023,Books,Punjab,CUST4188,10,2657,26570,UPI,Returned,1
ORD100034,23-02-2022,24-02-2022,25-02-2022,Grocery,Uttar Pradesh,CUST1204,4,2828,11312,Net Banking,Returned,2
ORD100035,27-03-2023,29-03-2023,01-04-2023,Beauty,Kerala,CUST6541,6,1018,6108,Debit Card,Delivered,
ORD100036,12-12-2022,17-12-2022,23-12-2022,Clothing,Uttar Pradesh,CUST2470,7,3366,23562,UPI,Delivered,
ORD100037,02-03-2022,06-03-2022,11-03-2022,Beauty,Maharashtra,CUST1499,9,589,5301,Credit Card,Returned,2
ORD100038,10-05-2023,10-05-2023,13-05-2023,Beauty,Gujarat,CUST7560,7,1929,13503,Wallet,Delivered,3
ORD100039,18-07-2023,19-07-2023,25-07-2023,Books,Gujarat,CUST7105,10,2197,21970,Wallet,Delivered,
ORD100040,05-02-2023,06-02-2023,08-02-2023,Home Decor,Maharashtra,CUST1355,7,1425,9975,Credit Card,Cancelled,5
ORD100041,18-10-2022,21-10-2022,28-10-2022,Electronics,Uttar Pradesh,CUST8493,5,822,4110,Credit Card,Delivered,1
ORD100042,17-09-2023,20-09-2023,25-09-2023,Footwear,Uttar Pradesh,CUST5509,6,318,1908,Net Banking,Delivered,4
ORD100043,17-01-2023,18-01-2023,19-01-2023,Toys,Uttar Pradesh,CUST8801,4,2649,10596,Net Banking,Cancelled,4
ORD100044,23-07-2022,23-07-2022,27-07-2022,Footwear,Uttar Pradesh,CUST1099,6,1454,8724,Debit Card,Cancelled,5
ORD100045,24-07-2022,28-07-2022,04-08-2022,Grocery,Uttar Pradesh,CUST1179,7,1666,11662,UPI,Cancelled,
ORD100046,22-10-2023,26-10-2023,31-10-2023,Footwear,Kerala,CUST9023,3,3430,10290,Wallet,Returned,3
ORD100047,19-12-2022,21-12-2022,28-12-2022,Books,Maharashtra,CUST6578,3,3620,10860,Debit Card,Delivered,5
ORD100048,24-01-2022,24-01-2022,26-01-2022,Beauty,Punjab,CUST8353,2,3483,6966,UPI,In Transit,1
ORD100049,13-04-2022,14-04-2022,21-04-2022,Toys,Tamil Nadu,CUST8034,8,763,6104,Wallet,Cancelled,2
ORD100050,31-03-2022,04-04-2022,05-04-2022,Grocery,Karnataka,CUST3819,8,2425,19400,Credit Card,Cancelled,1
ORD100051,13-09-2022,13-09-2022,16-09-2022,Home Decor,Punjab,CUST6204,8,745,5960,Wallet,Cancelled,
ORD100052,24-10-2023,25-10-2023,26-10-2023,Electronics,Tamil Nadu,CUST9319,9,1864,16776,Wallet,Cancelled,2
ORD100053,08-03-2022,09-03-2022,14-03-2022,Clothing,Karnataka,CUST7718,4,3853,15412,Net Banking,In Transit,2
ORD100054,02-06-2023,07-06-2023,12-06-2023,Home Decor,Tamil Nadu,CUST4980,3,2346,7038,Net Banking,In Transit,4
ORD100055,06-04-2022,11-04-2022,13-04-2022,Clothing,Maharashtra,CUST1421,8,3497,27976,Debit Card,Delivered,5
ORD100056,16-09-2023,18-09-2023,24-09-2023,Electronics,Uttar Pradesh,CUST3601,10,2984,29840,Debit Card,Cancelled,1
ORD100057,20-05-2023,22-05-2023,27-05-2023,Grocery,Punjab,CUST2305,5,3753,18765,UPI,Returned,2
ORD100058,13-07-2022,17-07-2022,22-07-2022,Footwear,Tamil Nadu,CUST8772,9,4879,43911,Debit Card,Returned,4
ORD100059,17-05-2022,21-05-2022,28-05-2022,Toys,Tamil Nadu,CUST6924,7,4783,33481,UPI,In Transit,
ORD100060,29-09-2023,02-10-2023,05-10-2023,Books,Kerala,CUST7853,1,441,441,Net Banking,Cancelled,
ORD100061,29-06-2023,03-07-2023,10-07-2023,Clothing,Delhi,CUST4703,4,844,3376,Credit Card,Delivered,4
ORD100062,21-06-2023,25-06-2023,02-07-2023,Toys,Kerala,CUST5529,9,982,8838,Debit Card,Cancelled,3
ORD100063,25-10-2022,28-10-2022,30-10-2022,Clothing,Maharashtra,CUST5155,4,632,2528,Credit Card,Cancelled,3
ORD100064,16-08-2022,17-08-2022,23-08-2022,Footwear,Delhi,CUST3213,2,338,676,UPI,In Transit,4
ORD100065,11-01-2022,11-01-2022,17-01-2022,Clothing,Kerala,CUST6130,1,3210,3210,Debit Card,Cancelled,4
ORD100066,01-06-2023,01-06-2023,07-06-2023,Electronics,Kerala,CUST9055,4,1149,4596,Wallet,In Transit,4
ORD100067,26-04-2022,26-04-2022,03-05-2022,Books,Punjab,CUST8135,4,850,3400,Net Banking,Delivered,2
ORD100068,07-05-2023,08-05-2023,09-05-2023,Footwear,Uttar Pradesh,CUST9134,6,3707,22242,UPI,Returned,2
ORD100069,23-11-2022,27-11-2022,28-11-2022,Books,Maharashtra,CUST1068,3,715,2145,Credit Card,Returned,4
ORD100070,25-04-2023,25-04-2023,02-05-2023,Beauty,Punjab,CUST2197,1,718,718,Credit Card,Cancelled,2
ORD100071,09-10-2023,12-10-2023,16-10-2023,Books,Gujarat,CUST2631,7,1515,10605,Debit Card,Returned,1
ORD100072,25-10-2023,25-10-2023,31-10-2023,Grocery,Punjab,CUST9220,4,2340,9360,Net Banking,Cancelled,3
ORD100073,18-09-2023,18-09-2023,25-09-2023,Clothing,Uttar Pradesh,CUST7402,2,815,1630,UPI,In Transit,5
ORD100074,07-11-2023,10-11-2023,11-11-2023,Grocery,Karnataka,CUST4488,5,966,4830,Debit Card,Cancelled,5
ORD100075,06-05-2023,11-05-2023,12-05-2023,Books,Tamil Nadu,CUST1517,1,4813,4813,Net Banking,Cancelled,5
ORD100076,17-05-2023,21-05-2023,27-05-2023,Clothing,Maharashtra,CUST3155,10,4784,47840,Debit Card,Delivered,3
ORD100077,27-07-2023,01-08-2023,05-08-2023,Electronics,Punjab,CUST5203,8,353,2824,Net Banking,Delivered,4
ORD100078,12-11-2023,14-11-2023,20-11-2023,Beauty,Uttar Pradesh,CUST5309,2,2108,4216,Wallet,Cancelled,1
ORD100079,22-02-2022,24-02-2022,27-02-2022,Footwear,Uttar Pradesh,CUST4532,9,4312,38808,Net Banking,In Transit,2
ORD100080,06-11-2022,08-11-2022,14-11-2022,Books,Delhi,CUST3432,3,3247,9741,UPI,Cancelled,2
ORD100081,21-07-2023,21-07-2023,25-07-2023,Electronics,Punjab,CUST7218,6,3279,19674,Wallet,Delivered,4
ORD100082,15-11-2022,15-11-2022,17-11-2022,Beauty,Gujarat,CUST9800,5,4838,24190,Debit Card,Returned,4
ORD100083,03-12-2022,05-12-2022,08-12-2022,Toys,Gujarat,CUST9574,6,1410,8460,Wallet,Delivered,2
ORD100084,27-11-2022,27-11-2022,28-11-2022,Toys,Punjab,CUST1793,5,3183,15915,Net Banking,Delivered,2
ORD100085,19-02-2022,22-02-2022,27-02-2022,Footwear,Punjab,CUST1188,2,2741,5482,Net Banking,Returned,3
ORD100086,13-12-2022,13-12-2022,17-12-2022,Beauty,Gujarat,CUST4593,9,3409,30681,Debit Card,Returned,
ORD100087,20-07-2023,23-07-2023,26-07-2023,Beauty,Uttar Pradesh,CUST8081,6,2408,14448,UPI,In Transit,5
ORD100088,13-06-2022,15-06-2022,20-06-2022,Home Decor,Punjab,CUST6433,5,1503,7515,Net Banking,Delivered,5
ORD100089,12-08-2023,13-08-2023,19-08-2023,Toys,Gujarat,CUST7802,7,1916,13412,Net Banking,Cancelled,4
ORD100090,03-10-2023,05-10-2023,11-10-2023,Clothing,Karnataka,CUST7280,5,2684,13420,Debit Card,Cancelled,3
ORD100091,24-09-2023,27-09-2023,02-10-2023,Clothing,Kerala,CUST6239,8,4081,32648,Wallet,In Transit,1
ORD100092,20-05-2022,22-05-2022,27-05-2022,Beauty,Punjab,CUST6874,9,2731,24579,Credit Card,Delivered,5
ORD100093,08-11-2023,11-11-2023,12-11-2023,Clothing,Maharashtra,CUST5118,6,3884,23304,Net Banking,In Transit,
ORD100094,29-09-2022,01-10-2022,03-10-2022,Electronics,Punjab,CUST6492,9,3309,29781,UPI,Cancelled,
ORD100095,14-05-2023,18-05-2023,24-05-2023,Clothing,Delhi,CUST2995,10,3392,33920,Net Banking,Cancelled,1
ORD100096,18-08-2022,20-08-2022,26-08-2022,Beauty,Gujarat,CUST4518,7,4204,29428,UPI,Returned,3
ORD100097,28-12-2022,30-12-2022,05-01-2023,Home Decor,Punjab,CUST1439,4,2422,9688,Wallet,Cancelled,1
ORD100098,11-09-2022,15-09-2022,22-09-2022,Books,Delhi,CUST7568,1,4953,4953,Credit Card,Cancelled,5
ORD100099,05-11-2022,06-11-2022,10-11-2022,Beauty,Karnataka,CUST1158,2,3022,6044,UPI,In Transit,3
ORD100100,03-02-2022,08-02-2022,09-02-2022,Home Decor,Tamil Nadu,CUST8740,10,2279,22790,Credit Card,Delivered,3
ORD100101,02-07-2023,02-07-2023,03-07-2023,Grocery,Tamil Nadu,CUST4814,1,1709,1709,UPI,Delivered,4
ORD100102,13-03-2023,15-03-2023,19-03-2023,Home Decor,Maharashtra,CUST1785,10,1114,11140,Debit Card,Cancelled,5
ORD100103,08-12-2022,10-12-2022,16-12-2022,Grocery,Delhi,CUST2526,10,2048,20480,Net Banking,In Transit,1
ORD100104,20-09-2023,22-09-2023,28-09-2023,Grocery,Gujarat,CUST9787,6,1362,8172,Debit Card,In Transit,1
ORD100105,09-05-2022,11-05-2022,13-05-2022,Clothing,Kerala,CUST2191,10,3357,33570,UPI,Delivered,3
ORD100106,02-06-2022,02-06-2022,09-06-2022,Books,Gujarat,CUST7272,6,1848,11088,Credit Card,In Transit,
ORD100107,06-08-2022,11-08-2022,14-08-2022,Grocery,Punjab,CUST7644,8,491,3928,Wallet,Delivered,1
ORD100108,14-03-2023,16-03-2023,21-03-2023,Home Decor,Karnataka,CUST7166,8,4204,33632,UPI,Returned,2
ORD100109,15-11-2022,19-11-2022,25-11-2022,Electronics,Karnataka,CUST8546,2,907,1814,Credit Card,Returned,
ORD100110,18-03-2022,18-03-2022,23-03-2022,Grocery,Gujarat,CUST7440,7,3528,24696,UPI,Returned,5
ORD100111,10-04-2022,15-04-2022,21-04-2022,Books,Tamil Nadu,CUST2012,1,3717,3717,Net Banking,Cancelled,3
ORD100112,16-08-2023,20-08-2023,23-08-2023,Clothing,Delhi,CUST9888,8,3950,31600,Net Banking,In Transit,1
ORD100113,13-09-2023,18-09-2023,25-09-2023,Electronics,Karnataka,CUST9936,8,933,7464,UPI,Cancelled,2
ORD100114,25-05-2023,29-05-2023,05-06-2023,Home Decor,Kerala,CUST3244,9,2877,25893,UPI,In Transit,4
ORD100115,08-07-2022,10-07-2022,15-07-2022,Grocery,Punjab,CUST6216,9,1258,11322,Credit Card,Cancelled,2
ORD100116,23-12-2022,26-12-2022,01-01-2023,Books,Tamil Nadu,CUST5313,9,3636,32724,UPI,Cancelled,
ORD100117,22-04-2022,24-04-2022,01-05-2022,Books,Kerala,CUST8702,1,2517,2517,Debit Card,Returned,1
ORD100118,04-05-2022,07-05-2022,12-05-2022,Toys,Maharashtra,CUST4660,1,980,980,Credit Card,Returned,3
ORD100119,12-10-2022,12-10-2022,19-10-2022,Books,Uttar Pradesh,CUST4783,7,3089,21623,Credit Card,Delivered,2
ORD100120,07-11-2023,10-11-2023,14-11-2023,Grocery,Punjab,CUST9340,5,3430,17150,Wallet,Returned,2
ORD100121,16-05-2023,20-05-2023,23-05-2023,Books,Uttar Pradesh,CUST6107,8,4632,37056,UPI,In Transit,4
ORD100122,09-09-2023,09-09-2023,11-09-2023,Books,Kerala,CUST9066,1,4292,4292,Wallet,Returned,2
ORD100123,04-11-2022,06-11-2022,10-11-2022,Home Decor,Delhi,CUST3572,9,2784,25056,Credit Card,Returned,5
ORD100124,06-03-2022,10-03-2022,14-03-2022,Footwear,Uttar Pradesh,CUST6549,8,4528,36224,Credit Card,Returned,3
ORD100125,17-11-2023,18-11-2023,20-11-2023,Books,Uttar Pradesh,CUST4127,5,3299,16495,Debit Card,Delivered,
ORD100126,28-10-2023,31-10-2023,03-11-2023,Books,Uttar Pradesh,CUST1350,3,3643,10929,Wallet,In Transit,3
ORD100127,20-04-2023,21-04-2023,23-04-2023,Clothing,Kerala,CUST1167,1,4133,4133,Debit Card,Returned,4
ORD100128,11-10-2022,11-10-2022,17-10-2022,Beauty,Delhi,CUST9776,2,2765,5530,Wallet,Delivered,4
ORD100129,09-07-2022,14-07-2022,21-07-2022,Clothing,Delhi,CUST6398,4,4711,18844,Debit Card,In Transit,2
ORD100130,17-08-2023,17-08-2023,19-08-2023,Grocery,Tamil Nadu,CUST6766,7,1284,8988,Debit Card,Returned,1
ORD100131,19-11-2023,21-11-2023,23-11-2023,Electronics,Gujarat,CUST2826,9,1638,14742,UPI,In Transit,3
ORD100132,12-11-2023,13-11-2023,16-11-2023,Beauty,Gujarat,CUST7969,5,882,4410,UPI,Returned,4
ORD100133,03-02-2022,05-02-2022,09-02-2022,Electronics,Karnataka,CUST1579,1,3474,3474,UPI,Returned,
ORD100134,23-02-2022,23-02-2022,28-02-2022,Books,Kerala,CUST8706,1,1138,1138,Debit Card,In Transit,3
ORD100135,17-12-2022,18-12-2022,20-12-2022,Grocery,Tamil Nadu,CUST5895,9,4854,43686,UPI,Delivered,2
ORD100136,06-09-2022,09-09-2022,12-09-2022,Home Decor,Tamil Nadu,CUST8479,5,649,3245,Wallet,Delivered,
ORD100137,10-04-2022,11-04-2022,15-04-2022,Toys,Maharashtra,CUST2411,6,895,5370,UPI,Cancelled,4
ORD100138,28-03-2023,30-03-2023,06-04-2023,Beauty,Delhi,CUST4014,8,2681,21448,Wallet,Cancelled,
ORD100139,29-03-2023,31-03-2023,01-04-2023,Electronics,Tamil Nadu,CUST1366,6,4176,25056,Credit Card,Returned,4
ORD100140,17-01-2023,20-01-2023,26-01-2023,Toys,Delhi,CUST5765,8,4304,34432,UPI,Delivered,4
ORD100141,31-10-2022,04-11-2022,11-11-2022,Beauty,Maharashtra,CUST2426,8,3208,25664,Wallet,Returned,5
ORD100142,21-09-2022,25-09-2022,27-09-2022,Grocery,Delhi,CUST8391,9,1136,10224,Net Banking,Cancelled,4
ORD100143,17-06-2023,17-06-2023,24-06-2023,Books,Delhi,CUST8077,3,3642,10926,UPI,Returned,
ORD100144,10-03-2023,10-03-2023,15-03-2023,Grocery,Punjab,CUST2346,7,2066,14462,Net Banking,In Transit,2
ORD100145,25-05-2022,29-05-2022,31-05-2022,Footwear,Gujarat,CUST9487,2,3964,7928,Credit Card,Returned,4
ORD100146,01-12-2023,03-12-2023,09-12-2023,Electronics,Karnataka,CUST1767,8,4265,34120,Debit Card,Cancelled,5
ORD100147,05-09-2022,10-09-2022,13-09-2022,Home Decor,Maharashtra,CUST3465,10,1909,19090,Wallet,In Transit,2
ORD100148,16-09-2023,18-09-2023,19-09-2023,Books,Tamil Nadu,CUST5725,1,2770,2770,Net Banking,Cancelled,
ORD100149,19-05-2023,21-05-2023,28-05-2023,Home Decor,Tamil Nadu,CUST8361,5,2800,14000,Debit Card,Returned,1
ORD100150,22-01-2022,27-01-2022,31-01-2022,Toys,Kerala,CUST8205,5,2993,14965,Net Banking,Delivered,3
ORD100151,21-06-2022,24-06-2022,30-06-2022,Electronics,Punjab,CUST2990,8,507,4056,Wallet,Delivered,5
ORD100152,28-01-2022,02-02-2022,04-02-2022,Beauty,Maharashtra,CUST9306,6,4404,26424,Net Banking,Cancelled,2
ORD100153,11-03-2023,15-03-2023,22-03-2023,Clothing,Maharashtra,CUST1435,2,528,1056,Credit Card,Delivered,3
ORD100154,17-05-2023,19-05-2023,23-05-2023,Electronics,Karnataka,CUST4524,8,4803,38424,Credit Card,In Transit,1
ORD100155,23-09-2023,28-09-2023,04-10-2023,Clothing,Karnataka,CUST4804,6,4582,27492,Wallet,Cancelled,1
ORD100156,28-06-2023,01-07-2023,08-07-2023,Toys,Gujarat,CUST8947,4,1704,6816,Credit Card,In Transit,3
ORD100157,10-09-2022,12-09-2022,19-09-2022,Home Decor,Tamil Nadu,CUST5466,9,2408,21672,Debit Card,Delivered,5
ORD100158,06-03-2022,08-03-2022,15-03-2022,Grocery,Punjab,CUST7279,1,679,679,UPI,In Transit,5
ORD100159,04-07-2023,04-07-2023,06-07-2023,Books,Karnataka,CUST9461,7,4241,29687,Credit Card,Cancelled,2
ORD100160,07-04-2023,10-04-2023,13-04-2023,Footwear,Tamil Nadu,CUST1442,3,2289,6867,UPI,Cancelled,2
ORD100161,18-11-2022,19-11-2022,20-11-2022,Beauty,Tamil Nadu,CUST7431,5,2513,12565,Wallet,Returned,5
ORD100162,26-10-2022,29-10-2022,02-11-2022,Books,Punjab,CUST6343,3,630,1890,Credit Card,In Transit,3
ORD100163,16-02-2023,20-02-2023,21-02-2023,Clothing,Delhi,CUST5610,3,3159,9477,Net Banking,In Transit,1
ORD100164,04-06-2022,07-06-2022,11-06-2022,Clothing,Gujarat,CUST9323,8,184,1472,UPI,Delivered,5
ORD100165,07-10-2022,12-10-2022,15-10-2022,Books,Gujarat,CUST1624,3,3272,9816,Debit Card,Delivered,2
ORD100166,20-05-2023,23-05-2023,26-05-2023,Footwear,Gujarat,CUST6512,3,4768,14304,Debit Card,Cancelled,4
ORD100167,10-08-2023,11-08-2023,14-08-2023,Footwear,Karnataka,CUST4115,3,1845,5535,UPI,Delivered,
ORD100168,12-06-2023,15-06-2023,22-06-2023,Clothing,Delhi,CUST1485,3,3657,10971,Debit Card,Returned,3
ORD100169,15-05-2023,20-05-2023,22-05-2023,Toys,Maharashtra,CUST5091,10,2386,23860,Net Banking,In Transit,2
ORD100170,13-03-2022,18-03-2022,25-03-2022,Footwear,Delhi,CUST7539,6,2374,14244,UPI,Cancelled,3
ORD100171,10-02-2022,12-02-2022,19-02-2022,Clothing,Gujarat,CUST7587,6,3952,23712,Credit Card,Returned,
ORD100172,19-06-2023,22-06-2023,23-06-2023,Books,Maharashtra,CUST4750,8,3225,25800,Credit Card,Delivered,5
ORD100173,19-09-2023,21-09-2023,25-09-2023,Footwear,Tamil Nadu,CUST1377,1,3318,3318,Credit Card,Returned,4
ORD100174,21-06-2022,24-06-2022,29-06-2022,Footwear,Kerala,CUST3958,4,2245,8980,Net Banking,Cancelled,5
ORD100175,21-05-2023,21-05-2023,25-05-2023,Footwear,Punjab,CUST3244,4,4383,17532,Net Banking,Cancelled,4
ORD100176,08-09-2023,10-09-2023,12-09-2023,Books,Karnataka,CUST6811,9,3824,34416,Credit Card,In Transit,2
ORD100177,12-02-2022,14-02-2022,16-02-2022,Grocery,Kerala,CUST9309,1,1535,1535,Credit Card,Returned,4
ORD100178,08-10-2022,09-10-2022,12-10-2022,Clothing,Gujarat,CUST4764,10,1635,16350,Credit Card,Delivered,3
ORD100179,06-02-2023,08-02-2023,15-02-2023,Home Decor,Kerala,CUST2376,3,3548,10644,Credit Card,Delivered,
ORD100180,28-08-2022,29-08-2022,05-09-2022,Books,Uttar Pradesh,CUST6209,8,4257,34056,Debit Card,Cancelled,5
ORD100181,21-05-2023,22-05-2023,26-05-2023,Toys,Maharashtra,CUST6316,1,2540,2540,UPI,In Transit,
ORD100182,17-03-2023,17-03-2023,21-03-2023,Toys,Uttar Pradesh,CUST4221,6,1670,10020,UPI,In Transit,1
ORD100183,19-08-2023,19-08-2023,23-08-2023,Footwear,Punjab,CUST4946,9,1907,17163,UPI,In Transit,5
ORD100184,02-12-2022,06-12-2022,09-12-2022,Beauty,Maharashtra,CUST8929,3,3619,10857,UPI,Returned,3
ORD100185,17-10-2022,21-10-2022,23-10-2022,Toys,Delhi,CUST5229,3,2527,7581,Wallet,Returned,1
ORD100186,02-06-2023,03-06-2023,08-06-2023,Books,Maharashtra,CUST5174,3,1775,5325,Credit Card,In Transit,5
ORD100187,01-10-2023,04-10-2023,09-10-2023,Clothing,Kerala,CUST8424,10,2733,27330,UPI,Delivered,
ORD100188,13-11-2023,17-11-2023,20-11-2023,Clothing,Gujarat,CUST8239,7,577,4039,UPI,Delivered,2
ORD100189,05-01-2022,07-01-2022,12-01-2022,Grocery,Uttar Pradesh,CUST7194,5,413,2065,Net Banking,Returned,2
ORD100190,31-01-2022,05-02-2022,07-02-2022,Books,Tamil Nadu,CUST9950,7,2075,14525,Net Banking,Returned,2
ORD100191,09-08-2022,11-08-2022,13-08-2022,Footwear,Delhi,CUST5884,9,3657,32913,Wallet,Delivered,4
ORD100192,06-12-2022,06-12-2022,08-12-2022,Books,Punjab,CUST4161,1,839,839,Debit Card,Delivered,4
ORD100193,06-01-2023,06-01-2023,12-01-2023,Electronics,Gujarat,CUST9329,5,2265,11325,UPI,Cancelled,1
ORD100194,14-06-2023,19-06-2023,23-06-2023,Home Decor,Punjab,CUST3328,6,4183,25098,UPI,Cancelled,1
ORD100195,17-05-2023,19-05-2023,24-05-2023,Electronics,Punjab,CUST7030,7,2810,19670,Net Banking,Returned,1
ORD100196,19-01-2023,23-01-2023,28-01-2023,Footwear,Kerala,CUST7249,10,2370,23700,Wallet,In Transit,3
ORD100197,21-09-2023,23-09-2023,24-09-2023,Electronics,Uttar Pradesh,CUST3040,9,861,7749,Credit Card,Returned,5
ORD100198,10-09-2022,13-09-2022,20-09-2022,Home Decor,Kerala,CUST6679,9,1238,11142,Credit Card,In Transit,
ORD100199,09-02-2023,14-02-2023,17-02-2023,Beauty,Uttar Pradesh,CUST2754,6,2374,14244,Net Banking,Delivered,1
ORD100200,22-09-2023,27-09-2023,29-09-2023,Grocery,Punjab,CUST4430,3,3091,9273,UPI,In Transit,3
ORD100201,09-06-2023,11-06-2023,18-06-2023,Toys,Tamil Nadu,CUST3538,2,752,1504,Net Banking,Cancelled,
ORD100202,07-12-2022,11-12-2022,13-12-2022,Toys,Uttar Pradesh,CUST3893,6,673,4038,Wallet,In Transit,
ORD100203,21-05-2023,26-05-2023,01-06-2023,Footwear,Maharashtra,CUST4039,4,1743,6972,Wallet,Delivered,5
ORD100204,05-11-2022,09-11-2022,14-11-2022,Beauty,Tamil Nadu,CUST1340,5,555,2775,UPI,Delivered,4
ORD100205,08-06-2022,10-06-2022,14-06-2022,Clothing,Tamil Nadu,CUST8099,3,4453,13359,Debit Card,In Transit,
ORD100206,02-08-2023,04-08-2023,11-08-2023,Electronics,Gujarat,CUST2703,1,3096,3096,Wallet,Cancelled,3
ORD100207,05-11-2022,09-11-2022,14-11-2022,Books,Kerala,CUST1497,2,1120,2240,Net Banking,Delivered,
ORD100208,20-11-2022,20-11-2022,23-11-2022,Books,Delhi,CUST1335,2,4508,9016,UPI,Delivered,3
ORD100209,31-01-2023,02-02-2023,09-02-2023,Beauty,Gujarat,CUST2651,5,1525,7625,UPI,Returned,3
ORD100210,02-07-2022,07-07-2022,10-07-2022,Toys,Uttar Pradesh,CUST7629,4,2436,9744,UPI,Delivered,1
ORD100211,27-07-2023,01-08-2023,06-08-2023,Toys,Punjab,CUST1729,9,4136,37224,Credit Card,In Transit,1
ORD100212,10-04-2023,13-04-2023,18-04-2023,Books,Tamil Nadu,CUST8324,2,3946,7892,Debit Card,In Transit,
ORD100213,20-03-2023,20-03-2023,21-03-2023,Grocery,Kerala,CUST8068,10,1436,14360,Debit Card,Returned,4
ORD100214,21-04-2022,21-04-2022,27-04-2022,Books,Punjab,CUST3718,1,3108,3108,Net Banking,Delivered,
ORD100215,22-01-2023,22-01-2023,25-01-2023,Electronics,Tamil Nadu,CUST6625,2,2670,5340,Wallet,Delivered,1
ORD100216,23-10-2022,25-10-2022,29-10-2022,Books,Maharashtra,CUST8238,2,4914,9828,UPI,In Transit,3
ORD100217,19-06-2023,19-06-2023,20-06-2023,Beauty,Delhi,CUST8530,9,4667,42003,Net Banking,Delivered,4
ORD100218,14-06-2022,17-06-2022,18-06-2022,Beauty,Uttar Pradesh,CUST8841,9,3934,35406,Debit Card,Cancelled,2
ORD100219,13-06-2022,14-06-2022,19-06-2022,Footwear,Delhi,CUST7105,5,1536,7680,Debit Card,Delivered,1
ORD100220,15-11-2022,17-11-2022,18-11-2022,Home Decor,Karnataka,CUST9962,9,208,1872,UPI,Returned,2
ORD100221,09-06-2022,12-06-2022,18-06-2022,Books,Tamil Nadu,CUST6149,6,1224,7344,Net Banking,Returned,3
ORD100222,28-07-2023,31-07-2023,01-08-2023,Toys,Kerala,CUST9853,7,4696,32872,Net Banking,In Transit,5
ORD100223,30-09-2022,05-10-2022,06-10-2022,Electronics,Uttar Pradesh,CUST5857,7,1611,11277,Net Banking,In Transit,4
ORD100224,27-11-2023,28-11-2023,03-12-2023,Clothing,Tamil Nadu,CUST2213,6,868,5208,Net Banking,Delivered,5
ORD100225,15-01-2022,20-01-2022,24-01-2022,Clothing,Karnataka,CUST1889,6,3076,18456,Credit Card,Cancelled,3
ORD100226,10-07-2023,14-07-2023,18-07-2023,Beauty,Gujarat,CUST1106,1,3565,3565,Debit Card,Cancelled,5
ORD100227,20-04-2022,21-04-2022,24-04-2022,Footwear,Delhi,CUST1047,3,4116,12348,UPI,In Transit,3
ORD100228,01-09-2022,01-09-2022,04-09-2022,Books,Delhi,CUST2242,6,720,4320,Credit Card,Returned,5
ORD100229,22-08-2022,25-08-2022,28-08-2022,Electronics,Punjab,CUST1544,5,2897,14485,Wallet,Cancelled,
ORD100230,21-09-2022,24-09-2022,29-09-2022,Footwear,Karnataka,CUST6829,9,1336,12024,Net Banking,Returned,5
ORD100231,14-05-2022,18-05-2022,24-05-2022,Footwear,Delhi,CUST8933,10,3205,32050,UPI,Delivered,1
ORD100232,19-12-2022,23-12-2022,25-12-2022,Clothing,Maharashtra,CUST1137,7,4197,29379,Debit Card,Cancelled,
ORD100233,12-07-2023,13-07-2023,19-07-2023,Footwear,Tamil Nadu,CUST6941,4,1595,6380,Wallet,Returned,3
ORD100234,18-05-2023,23-05-2023,28-05-2023,Grocery,Uttar Pradesh,CUST9278,7,1053,7371,UPI,Cancelled,2
ORD100235,03-07-2023,03-07-2023,09-07-2023,Beauty,Punjab,CUST8407,7,2966,20762,UPI,Cancelled,4
ORD100236,03-09-2022,03-09-2022,04-09-2022,Beauty,Karnataka,CUST3819,8,3305,26440,Net Banking,Returned,3
ORD100237,01-08-2022,01-08-2022,06-08-2022,Books,Uttar Pradesh,CUST2076,8,737,5896,Wallet,Delivered,3
ORD100238,24-10-2022,29-10-2022,01-11-2022,Home Decor,Tamil Nadu,CUST6955,1,1186,1186,Wallet,Returned,
ORD100239,02-05-2023,06-05-2023,07-05-2023,Beauty,Kerala,CUST5577,4,1444,5776,Wallet,Cancelled,5
ORD100240,25-03-2022,30-03-2022,01-04-2022,Books,Uttar Pradesh,CUST2974,4,2050,8200,Credit Card,Returned,4
ORD100241,17-09-2023,17-09-2023,21-09-2023,Beauty,Tamil Nadu,CUST7995,8,2660,21280,Debit Card,Delivered,2
ORD100242,30-03-2022,30-03-2022,04-04-2022,Clothing,Karnataka,CUST5778,7,3023,21161,Debit Card,Returned,5
ORD100243,19-02-2022,24-02-2022,28-02-2022,Footwear,Tamil Nadu,CUST9885,7,4356,30492,Net Banking,Returned,4
ORD100244,18-08-2022,23-08-2022,27-08-2022,Home Decor,Maharashtra,CUST2231,2,3360,6720,Net Banking,In Transit,3
ORD100245,14-10-2022,19-10-2022,23-10-2022,Grocery,Gujarat,CUST1920,4,4316,17264,Credit Card,In Transit,4
ORD100246,05-10-2022,09-10-2022,16-10-2022,Home Decor,Punjab,CUST5337,2,697,1394,Credit Card,Returned,1
ORD100247,10-08-2023,13-08-2023,17-08-2023,Clothing,Delhi,CUST6876,9,3973,35757,Net Banking,Delivered,
ORD100248,03-10-2022,05-10-2022,10-10-2022,Home Decor,Karnataka,CUST1281,7,3645,25515,UPI,Delivered,4
ORD100249,16-05-2022,17-05-2022,24-05-2022,Grocery,Karnataka,CUST4019,1,242,242,Debit Card,In Transit,2
ORD100250,18-02-2022,20-02-2022,26-02-2022,Books,Kerala,CUST4473,2,2687,5374,UPI,Cancelled,5
ORD100251,16-11-2023,20-11-2023,27-11-2023,Books,Delhi,CUST7319,10,3791,37910,Net Banking,Returned,
ORD100252,16-01-2023,18-01-2023,24-01-2023,Home Decor,Maharashtra,CUST5776,4,3609,14436,UPI,Delivered,3
ORD100253,09-11-2022,13-11-2022,15-11-2022,Electronics,Kerala,CUST3250,1,3318,3318,UPI,Delivered,5
ORD100254,28-07-2023,29-07-2023,03-08-2023,Home Decor,Tamil Nadu,CUST7005,9,361,3249,Wallet,Cancelled,5
ORD100255,10-07-2022,13-07-2022,17-07-2022,Toys,Uttar Pradesh,CUST1691,8,195,1560,Net Banking,Cancelled,5
ORD100256,09-02-2023,12-02-2023,16-02-2023,Electronics,Karnataka,CUST3508,6,3525,21150,Wallet,Cancelled,5
ORD100257,05-02-2023,10-02-2023,11-02-2023,Footwear,Maharashtra,CUST9450,10,512,5120,Credit Card,Cancelled,2
ORD100258,30-08-2022,03-09-2022,04-09-2022,Beauty,Punjab,CUST4333,3,4844,14532,Net Banking,Cancelled,4
ORD100259,28-05-2023,28-05-2023,03-06-2023,Books,Maharashtra,CUST8335,8,695,5560,UPI,Returned,5
ORD100260,20-12-2022,24-12-2022,27-12-2022,Books,Uttar Pradesh,CUST2164,3,3267,9801,Debit Card,Delivered,3
ORD100261,20-02-2022,24-02-2022,02-03-2022,Footwear,Karnataka,CUST9473,4,659,2636,UPI,Delivered,1
ORD100262,30-03-2022,03-04-2022,07-04-2022,Toys,Uttar Pradesh,CUST9313,2,1281,2562,UPI,Returned,5
ORD100263,25-01-2022,27-01-2022,03-02-2022,Footwear,Delhi,CUST2724,2,4356,8712,Credit Card,Cancelled,2
ORD100264,19-09-2022,20-09-2022,27-09-2022,Toys,Delhi,CUST3971,4,3111,12444,Wallet,In Transit,1
ORD100265,06-10-2022,08-10-2022,09-10-2022,Grocery,Uttar Pradesh,CUST1844,5,1023,5115,Wallet,Delivered,1
ORD100266,20-07-2022,25-07-2022,31-07-2022,Books,Punjab,CUST5076,10,1396,13960,UPI,Returned,4
ORD100267,28-07-2022,02-08-2022,04-08-2022,Beauty,Gujarat,CUST2105,9,3118,28062,Credit Card,Delivered,3
ORD100268,01-09-2022,04-09-2022,08-09-2022,Grocery,Gujarat,CUST2601,7,2225,15575,Credit Card,Cancelled,5
ORD100269,03-09-2022,03-09-2022,07-09-2022,Electronics,Uttar Pradesh,CUST6118,10,785,7850,UPI,Cancelled,1
ORD100270,14-08-2023,14-08-2023,18-08-2023,Books,Tamil Nadu,CUST6542,6,1732,10392,Wallet,Returned,1
ORD100271,26-03-2023,31-03-2023,06-04-2023,Electronics,Uttar Pradesh,CUST4314,2,2568,5136,Wallet,Returned,2
ORD100272,15-03-2022,15-03-2022,22-03-2022,Home Decor,Kerala,CUST3658,4,1461,5844,Wallet,Returned,1
ORD100273,11-06-2023,16-06-2023,23-06-2023,Beauty,Tamil Nadu,CUST8627,5,3582,17910,Net Banking,In Transit,1
ORD100274,04-05-2023,04-05-2023,10-05-2023,Toys,Punjab,CUST7732,7,862,6034,UPI,Returned,1
ORD100275,01-07-2022,03-07-2022,08-07-2022,Home Decor,Delhi,CUST5852,2,2986,5972,Wallet,Returned,4
ORD100276,28-12-2022,28-12-2022,03-01-2023,Clothing,Uttar Pradesh,CUST8249,6,1886,11316,Net Banking,In Transit,2
ORD100277,30-09-2023,02-10-2023,05-10-2023,Clothing,Kerala,CUST9071,7,2300,16100,Debit Card,In Transit,4
ORD100278,02-03-2023,05-03-2023,07-03-2023,Toys,Tamil Nadu,CUST4709,6,1169,7014,Credit Card,Delivered,4
ORD100279,28-05-2023,01-06-2023,07-06-2023,Toys,Gujarat,CUST3758,5,670,3350,Debit Card,Cancelled,4
ORD100280,28-08-2023,29-08-2023,03-09-2023,Beauty,Kerala,CUST9675,6,1927,11562,Debit Card,Returned,
ORD100281,26-04-2022,29-04-2022,03-05-2022,Home Decor,Karnataka,CUST4820,8,1190,9520,Net Banking,Cancelled,2
ORD100282,23-08-2023,26-08-2023,01-09-2023,Home Decor,Delhi,CUST3541,8,4325,34600,Net Banking,Delivered,4
ORD100283,12-10-2023,12-10-2023,13-10-2023,Electronics,Punjab,CUST5714,5,4621,23105,Credit Card,Cancelled,4
ORD100284,19-07-2023,22-07-2023,28-07-2023,Beauty,Karnataka,CUST9633,2,4957,9914,UPI,Delivered,3
ORD100285,01-08-2022,02-08-2022,06-08-2022,Home Decor,Delhi,CUST3158,7,2331,16317,UPI,Cancelled,1
ORD100286,13-03-2023,17-03-2023,18-03-2023,Grocery,Tamil Nadu,CUST8561,3,1734,5202,UPI,Cancelled,1
ORD100287,01-07-2022,01-07-2022,05-07-2022,Beauty,Gujarat,CUST2166,3,3465,10395,Credit Card,Cancelled,
ORD100288,18-04-2023,18-04-2023,20-04-2023,Clothing,Punjab,CUST1595,10,3536,35360,UPI,Returned,1
ORD100289,24-03-2022,29-03-2022,03-04-2022,Home Decor,Gujarat,CUST4515,5,4245,21225,Net Banking,In Transit,3
ORD100290,18-10-2023,20-10-2023,23-10-2023,Books,Gujarat,CUST1163,5,1512,7560,UPI,Returned,1
ORD100291,19-10-2022,20-10-2022,23-10-2022,Grocery,Maharashtra,CUST2524,5,2135,10675,Credit Card,Cancelled,5
ORD100292,31-08-2023,04-09-2023,11-09-2023,Footwear,Karnataka,CUST3895,3,836,2508,Net Banking,Delivered,5
ORD100293,23-07-2023,26-07-2023,31-07-2023,Footwear,Tamil Nadu,CUST3642,10,4003,40030,Wallet,In Transit,2
ORD100294,27-08-2023,01-09-2023,03-09-2023,Toys,Tamil Nadu,CUST2165,8,1224,9792,Wallet,In Transit,
ORD100295,03-02-2022,06-02-2022,13-02-2022,Toys,Tamil Nadu,CUST1779,4,3765,15060,UPI,Cancelled,1
ORD100296,29-04-2023,01-05-2023,08-05-2023,Footwear,Kerala,CUST2354,9,356,3204,Net Banking,In Transit,
ORD100297,02-09-2023,04-09-2023,11-09-2023,Clothing,Maharashtra,CUST5234,4,1673,6692,Wallet,In Transit,4
ORD100298,28-04-2023,28-04-2023,03-05-2023,Toys,Gujarat,CUST8458,1,757,757,UPI,Returned,
ORD100299,30-11-2022,02-12-2022,07-12-2022,Electronics,Uttar Pradesh,CUST9193,5,1747,8735,Wallet,Cancelled,5
ORD100300,29-11-2023,29-11-2023,01-12-2023,Toys,Uttar Pradesh,CUST8911,3,2441,7323,Debit Card,Cancelled,2
ORD100301,18-06-2022,19-06-2022,26-06-2022,Footwear,Kerala,CUST1852,6,859,5154,Credit Card,Cancelled,5
ORD100302,08-06-2023,08-06-2023,09-06-2023,Footwear,Karnataka,CUST3018,8,1032,8256,Wallet,Cancelled,1
ORD100303,03-08-2022,06-08-2022,11-08-2022,Electronics,Karnataka,CUST7988,6,2413,14478,Credit Card,In Transit,5
ORD100304,01-12-2022,04-12-2022,11-12-2022,Clothing,Tamil Nadu,CUST5788,2,4647,9294,UPI,Returned,5
ORD100305,19-04-2022,21-04-2022,24-04-2022,Beauty,Karnataka,CUST4014,4,1800,7200,Net Banking,In Transit,5
ORD100306,04-06-2022,07-06-2022,09-06-2022,Electronics,Uttar Pradesh,CUST2803,2,4368,8736,Debit Card,Cancelled,2
ORD100307,20-01-2022,20-01-2022,21-01-2022,Books,Gujarat,CUST5770,8,4902,39216,Wallet,Returned,2
ORD100308,31-10-2023,02-11-2023,05-11-2023,Home Decor,Uttar Pradesh,CUST4743,10,359,3590,Credit Card,Returned,4
ORD100309,27-09-2022,29-09-2022,03-10-2022,Grocery,Tamil Nadu,CUST8150,3,749,2247,Wallet,Delivered,2
ORD100310,23-01-2022,26-01-2022,02-02-2022,Books,Gujarat,CUST4553,6,1766,10596,UPI,In Transit,3
ORD100311,25-07-2023,26-07-2023,30-07-2023,Toys,Gujarat,CUST1854,10,4529,45290,Net Banking,In Transit,3
ORD100312,27-07-2023,01-08-2023,07-08-2023,Grocery,Delhi,CUST8304,3,3344,10032,UPI,Cancelled,
ORD100313,01-01-2023,04-01-2023,11-01-2023,Grocery,Karnataka,CUST7484,1,2905,2905,Debit Card,In Transit,2
ORD100314,25-08-2022,28-08-2022,30-08-2022,Grocery,Delhi,CUST7487,5,3621,18105,Debit Card,Delivered,2
ORD100315,10-10-2022,13-10-2022,17-10-2022,Toys,Punjab,CUST9436,2,678,1356,Wallet,In Transit,1
ORD100316,04-02-2022,05-02-2022,06-02-2022,Grocery,Uttar Pradesh,CUST7235,2,3650,7300,Net Banking,Cancelled,1
ORD100317,01-01-2023,02-01-2023,06-01-2023,Home Decor,Maharashtra,CUST6611,10,1887,18870,Net Banking,Delivered,1
ORD100318,03-10-2022,04-10-2022,08-10-2022,Electronics,Punjab,CUST6278,2,4032,8064,Wallet,In Transit,4
ORD100319,01-07-2022,04-07-2022,10-07-2022,Grocery,Punjab,CUST2736,2,2052,4104,UPI,In Transit,
ORD100320,11-12-2022,12-12-2022,13-12-2022,Beauty,Tamil Nadu,CUST2332,8,187,1496,Net Banking,Delivered,4
ORD100321,21-03-2023,21-03-2023,22-03-2023,Toys,Kerala,CUST7607,1,4612,4612,Wallet,Delivered,3
ORD100322,05-05-2022,07-05-2022,08-05-2022,Toys,Delhi,CUST8137,3,3517,10551,Credit Card,Cancelled,2
ORD100323,05-06-2022,05-06-2022,07-06-2022,Beauty,Gujarat,CUST1914,8,3867,30936,Net Banking,In Transit,1
ORD100324,13-11-2022,13-11-2022,15-11-2022,Clothing,Karnataka,CUST1353,8,2584,20672,Wallet,Delivered,5
ORD100325,14-03-2022,19-03-2022,25-03-2022,Home Decor,Karnataka,CUST8809,6,2505,15030,Debit Card,Delivered,
ORD100326,31-10-2023,02-11-2023,06-11-2023,Clothing,Uttar Pradesh,CUST8757,4,3292,13168,UPI,Returned,1
ORD100327,20-08-2023,25-08-2023,30-08-2023,Footwear,Punjab,CUST2388,5,815,4075,Wallet,Delivered,3
ORD100328,19-11-2023,19-11-2023,22-11-2023,Clothing,Maharashtra,CUST2242,6,4228,25368,Net Banking,In Transit,3
ORD100329,14-10-2023,17-10-2023,18-10-2023,Electronics,Uttar Pradesh,CUST5344,5,806,4030,UPI,In Transit,5
ORD100330,06-10-2023,06-10-2023,12-10-2023,Beauty,Karnataka,CUST5444,6,4779,28674,UPI,Cancelled,2
ORD100331,13-04-2023,14-04-2023,17-04-2023,Clothing,Punjab,CUST7452,8,1863,14904,Wallet,Returned,4
ORD100332,15-04-2023,18-04-2023,23-04-2023,Toys,Kerala,CUST6736,8,1222,9776,Credit Card,Delivered,2
ORD100333,14-03-2023,15-03-2023,17-03-2023,Electronics,Kerala,CUST7998,10,167,1670,Debit Card,Cancelled,1
ORD100334,07-04-2022,08-04-2022,13-04-2022,Home Decor,Kerala,CUST9069,6,508,3048,Wallet,Returned,4
ORD100335,25-06-2022,25-06-2022,28-06-2022,Home Decor,Punjab,CUST4508,3,1072,3216,Wallet,Returned,2
ORD100336,06-04-2023,07-04-2023,08-04-2023,Electronics,Tamil Nadu,CUST7477,4,2170,8680,Net Banking,Returned,1
ORD100337,30-07-2023,01-08-2023,04-08-2023,Clothing,Tamil Nadu,CUST6824,1,1079,1079,UPI,Delivered,4
ORD100338,24-05-2023,27-05-2023,29-05-2023,Home Decor,Gujarat,CUST9519,8,4101,32808,Credit Card,Cancelled,5
ORD100339,22-10-2022,24-10-2022,29-10-2022,Books,Gujarat,CUST5601,4,4603,18412,UPI,Returned,3
ORD100340,06-02-2022,07-02-2022,14-02-2022,Electronics,Maharashtra,CUST2559,2,1729,3458,Debit Card,Cancelled,3
ORD100341,05-05-2022,06-05-2022,10-05-2022,Footwear,Kerala,CUST2880,5,1857,9285,Net Banking,Returned,5
ORD100342,15-04-2023,15-04-2023,21-04-2023,Electronics,Punjab,CUST4445,8,4069,32552,UPI,Returned,2
ORD100343,05-04-2022,05-04-2022,12-04-2022,Electronics,Gujarat,CUST4703,9,4095,36855,Credit Card,Delivered,2
ORD100344,15-02-2022,20-02-2022,27-02-2022,Toys,Maharashtra,CUST3004,8,2017,16136,Debit Card,Delivered,5
ORD100345,23-09-2022,24-09-2022,28-09-2022,Footwear,Delhi,CUST7299,6,1096,6576,UPI,Returned,2
ORD100346,25-10-2023,28-10-2023,04-11-2023,Grocery,Tamil Nadu,CUST6695,2,3046,6092,Debit Card,Delivered,5
ORD100347,18-11-2022,18-11-2022,22-11-2022,Books,Maharashtra,CUST2745,1,2944,2944,Net Banking,In Transit,4
ORD100348,14-07-2022,17-07-2022,21-07-2022,Grocery,Delhi,CUST6289,1,2818,2818,UPI,Returned,5
ORD100349,05-11-2023,10-11-2023,15-11-2023,Books,Punjab,CUST1020,10,2341,23410,Net Banking,In Transit,2
ORD100350,19-03-2022,24-03-2022,31-03-2022,Grocery,Gujarat,CUST1857,1,518,518,Debit Card,Returned,
ORD100351,13-07-2023,17-07-2023,18-07-2023,Beauty,Kerala,CUST4349,4,1730,6920,Debit Card,Cancelled,1
ORD100352,27-05-2022,29-05-2022,05-06-2022,Home Decor,Uttar Pradesh,CUST4779,4,949,3796,Debit Card,Cancelled,3
ORD100353,24-08-2023,25-08-2023,01-09-2023,Electronics,Delhi,CUST1477,7,1623,11361,Net Banking,Returned,5
ORD100354,03-09-2022,03-09-2022,04-09-2022,Books,Kerala,CUST2828,9,3841,34569,Credit Card,Returned,
ORD100355,19-07-2022,21-07-2022,22-07-2022,Electronics,Maharashtra,CUST8748,10,4955,49550,Debit Card,In Transit,2
ORD100356,28-06-2023,29-06-2023,04-07-2023,Toys,Gujarat,CUST5503,7,1084,7588,UPI,Delivered,2
ORD100357,12-11-2023,16-11-2023,18-11-2023,Clothing,Punjab,CUST4680,4,4537,18148,Credit Card,In Transit,
ORD100358,26-09-2023,01-10-2023,06-10-2023,Electronics,Maharashtra,CUST9930,5,4559,22795,Wallet,Returned,2
ORD100359,23-06-2023,24-06-2023,30-06-2023,Clothing,Maharashtra,CUST4473,9,4645,41805,Credit Card,Cancelled,1
ORD100360,02-12-2022,06-12-2022,10-12-2022,Electronics,Kerala,CUST8128,1,151,151,Debit Card,In Transit,3
ORD100361,27-06-2022,02-07-2022,07-07-2022,Home Decor,Gujarat,CUST3201,9,3144,28296,UPI,Cancelled,
ORD100362,04-01-2022,06-01-2022,11-01-2022,Beauty,Uttar Pradesh,CUST5478,6,1401,8406,Wallet,Delivered,3
ORD100363,02-08-2022,07-08-2022,11-08-2022,Home Decor,Gujarat,CUST3607,8,4606,36848,UPI,Returned,2
ORD100364,27-07-2023,27-07-2023,31-07-2023,Footwear,Kerala,CUST4140,6,4660,27960,Debit Card,In Transit,3
ORD100365,01-12-2023,01-12-2023,08-12-2023,Beauty,Uttar Pradesh,CUST8743,1,4881,4881,Debit Card,Cancelled,
ORD100366,19-01-2022,20-01-2022,25-01-2022,Toys,Delhi,CUST2062,9,644,5796,Credit Card,Returned,5
ORD100367,14-12-2022,14-12-2022,15-12-2022,Clothing,Delhi,CUST7200,8,2238,17904,Credit Card,Returned,1
ORD100368,25-08-2023,25-08-2023,30-08-2023,Beauty,Delhi,CUST2183,5,1061,5305,Wallet,Returned,2
ORD100369,18-10-2023,23-10-2023,30-10-2023,Books,Uttar Pradesh,CUST2356,6,422,2532,Wallet,In Transit,3
ORD100370,13-06-2022,16-06-2022,19-06-2022,Beauty,Gujarat,CUST9258,3,1438,4314,Debit Card,In Transit,1
ORD100371,20-09-2022,25-09-2022,28-09-2022,Electronics,Karnataka,CUST6512,7,3648,25536,Debit Card,Returned,2
ORD100372,16-08-2022,17-08-2022,21-08-2022,Books,Uttar Pradesh,CUST4120,4,585,2340,Credit Card,Returned,2
ORD100373,09-05-2023,10-05-2023,15-05-2023,Footwear,Punjab,CUST6523,5,4639,23195,Wallet,Delivered,1
ORD100374,04-06-2022,06-06-2022,07-06-2022,Toys,Delhi,CUST2683,8,2803,22424,Debit Card,Delivered,5
ORD100375,18-01-2022,23-01-2022,28-01-2022,Electronics,Karnataka,CUST8137,2,3991,7982,Debit Card,Delivered,5
ORD100376,12-05-2022,13-05-2022,16-05-2022,Books,Uttar Pradesh,CUST5692,10,3879,38790,Wallet,Delivered,5
ORD100377,06-01-2023,11-01-2023,12-01-2023,Books,Punjab,CUST6281,7,4492,31444,Credit Card,In Transit,1
ORD100378,25-07-2023,27-07-2023,30-07-2023,Footwear,Uttar Pradesh,CUST9295,3,411,1233,Wallet,Cancelled,3
ORD100379,23-03-2022,27-03-2022,30-03-2022,Clothing,Punjab,CUST2395,10,895,8950,Debit Card,Delivered,4
ORD100380,15-10-2023,18-10-2023,19-10-2023,Clothing,Delhi,CUST3383,5,4566,22830,UPI,In Transit,4
ORD100381,12-04-2023,17-04-2023,24-04-2023,Home Decor,Uttar Pradesh,CUST9931,10,1958,19580,Credit Card,Delivered,5
ORD100382,17-10-2023,18-10-2023,22-10-2023,Electronics,Kerala,CUST9749,7,895,6265,UPI,Delivered,4
ORD100383,06-09-2023,07-09-2023,14-09-2023,Electronics,Uttar Pradesh,CUST3764,3,1826,5478,Credit Card,Returned,
ORD100384,25-12-2022,26-12-2022,29-12-2022,Grocery,Uttar Pradesh,CUST1129,1,4027,4027,Net Banking,Delivered,3
ORD100385,06-05-2023,06-05-2023,08-05-2023,Toys,Tamil Nadu,CUST9947,4,4333,17332,Debit Card,Delivered,
ORD100386,07-06-2022,07-06-2022,10-06-2022,Electronics,Delhi,CUST5323,10,4013,40130,Wallet,Cancelled,2
ORD100387,27-09-2022,30-09-2022,03-10-2022,Footwear,Delhi,CUST2202,7,264,1848,Debit Card,Delivered,
ORD100388,07-10-2022,12-10-2022,19-10-2022,Books,Gujarat,CUST8038,6,1813,10878,Credit Card,In Transit,2
ORD100389,17-02-2022,17-02-2022,24-02-2022,Toys,Tamil Nadu,CUST6907,1,1648,1648,Net Banking,Returned,5
ORD100390,12-12-2022,13-12-2022,16-12-2022,Clothing,Delhi,CUST4321,9,3740,33660,Credit Card,Returned,4
ORD100391,31-05-2022,03-06-2022,09-06-2022,Toys,Maharashtra,CUST3918,10,4465,44650,Wallet,Returned,3
ORD100392,12-06-2022,12-06-2022,17-06-2022,Beauty,Maharashtra,CUST4087,2,1160,2320,Credit Card,Cancelled,2
ORD100393,29-12-2022,30-12-2022,02-01-2023,Home Decor,Uttar Pradesh,CUST1212,1,2081,2081,UPI,Returned,1
ORD100394,05-08-2022,07-08-2022,10-08-2022,Toys,Punjab,CUST8592,7,4700,32900,Net Banking,In Transit,3
ORD100395,08-04-2023,11-04-2023,12-04-2023,Grocery,Karnataka,CUST1197,10,3306,33060,Credit Card,Delivered,2
ORD100396,23-10-2022,28-10-2022,29-10-2022,Clothing,Maharashtra,CUST3516,9,2588,23292,Net Banking,Cancelled,3
ORD100397,16-11-2022,21-11-2022,26-11-2022,Books,Maharashtra,CUST3588,9,4190,37710,UPI,Returned,2
ORD100398,14-04-2023,18-04-2023,23-04-2023,Toys,Uttar Pradesh,CUST7163,2,4824,9648,UPI,Delivered,4
ORD100399,24-04-2022,25-04-2022,26-04-2022,Clothing,Gujarat,CUST8043,4,3584,14336,Debit Card,Delivered,5
ORD100400,15-06-2023,16-06-2023,22-06-2023,Home Decor,Kerala,CUST5321,6,2531,15186,Debit Card,Returned,2
ORD100401,09-05-2022,11-05-2022,18-05-2022,Home Decor,Delhi,CUST1305,7,2903,20321,Debit Card,Returned,4
ORD100402,12-11-2022,14-11-2022,16-11-2022,Beauty,Gujarat,CUST1945,4,176,704,Net Banking,Cancelled,5
ORD100403,24-05-2022,28-05-2022,04-06-2022,Footwear,Karnataka,CUST5928,10,2536,25360,Net Banking,In Transit,1
ORD100404,11-10-2023,12-10-2023,14-10-2023,Footwear,Gujarat,CUST7062,2,2027,4054,UPI,Returned,
ORD100405,28-04-2022,30-04-2022,04-05-2022,Toys,Punjab,CUST3771,1,3708,3708,Debit Card,Delivered,5
ORD100406,25-11-2022,26-11-2022,27-11-2022,Toys,Punjab,CUST5266,3,3158,9474,Debit Card,Returned,4
ORD100407,20-10-2023,23-10-2023,25-10-2023,Toys,Maharashtra,CUST7807,3,3598,10794,Wallet,Delivered,3
ORD100408,29-07-2022,29-07-2022,02-08-2022,Grocery,Tamil Nadu,CUST9195,10,1540,15400,Net Banking,Cancelled,5
ORD100409,21-02-2022,22-02-2022,27-02-2022,Footwear,Delhi,CUST2906,7,2050,14350,Debit Card,Cancelled,1
ORD100410,01-12-2022,03-12-2022,06-12-2022,Toys,Gujarat,CUST6404,10,920,9200,Debit Card,In Transit,5
ORD100411,27-07-2022,27-07-2022,30-07-2022,Books,Punjab,CUST7150,10,1530,15300,Credit Card,Delivered,5
ORD100412,20-12-2022,22-12-2022,26-12-2022,Electronics,Maharashtra,CUST6178,3,4582,13746,Debit Card,Cancelled,4
ORD100413,03-08-2022,07-08-2022,11-08-2022,Footwear,Gujarat,CUST1293,9,4169,37521,Debit Card,In Transit,4
ORD100414,18-05-2023,22-05-2023,26-05-2023,Home Decor,Karnataka,CUST4746,4,2407,9628,Credit Card,Delivered,5
ORD100415,13-07-2022,14-07-2022,15-07-2022,Footwear,Maharashtra,CUST8140,6,3609,21654,UPI,In Transit,1
ORD100416,07-10-2023,07-10-2023,09-10-2023,Toys,Tamil Nadu,CUST2961,4,2077,8308,Net Banking,Returned,4
ORD100417,27-05-2023,31-05-2023,05-06-2023,Toys,Delhi,CUST4606,8,2441,19528,Credit Card,In Transit,3
ORD100418,18-04-2022,23-04-2022,29-04-2022,Books,Uttar Pradesh,CUST6337,9,1884,16956,UPI,In Transit,1
ORD100419,12-03-2022,13-03-2022,17-03-2022,Toys,Kerala,CUST7048,2,2569,5138,UPI,Delivered,4
ORD100420,20-04-2022,22-04-2022,27-04-2022,Clothing,Kerala,CUST8383,7,4017,28119,Debit Card,Returned,
ORD100421,18-04-2023,22-04-2023,28-04-2023,Electronics,Delhi,CUST2190,8,720,5760,Wallet,Returned,3
ORD100422,16-04-2022,16-04-2022,23-04-2022,Footwear,Tamil Nadu,CUST2659,1,1128,1128,Net Banking,Delivered,3
ORD100423,26-07-2022,30-07-2022,05-08-2022,Beauty,Delhi,CUST9008,4,4748,18992,Debit Card,Returned,4
ORD100424,21-10-2023,21-10-2023,28-10-2023,Footwear,Punjab,CUST6433,10,1186,11860,UPI,In Transit,1
ORD100425,31-10-2022,31-10-2022,03-11-2022,Clothing,Delhi,CUST2371,8,1275,10200,Credit Card,Returned,5
ORD100426,11-02-2022,16-02-2022,18-02-2022,Beauty,Delhi,CUST6558,7,4936,34552,UPI,Cancelled,
ORD100427,28-11-2023,03-12-2023,04-12-2023,Clothing,Kerala,CUST4295,5,2594,12970,Wallet,In Transit,2
ORD100428,06-09-2022,11-09-2022,17-09-2022,Toys,Kerala,CUST2747,9,319,2871,Debit Card,Returned,
ORD100429,10-04-2022,12-04-2022,18-04-2022,Books,Karnataka,CUST1905,6,2385,14310,UPI,In Transit,1
ORD100430,19-09-2023,20-09-2023,21-09-2023,Toys,Delhi,CUST3809,5,3284,16420,Credit Card,In Transit,
ORD100431,30-09-2023,05-10-2023,07-10-2023,Electronics,Punjab,CUST1484,3,1818,5454,Credit Card,Delivered,2
ORD100432,12-11-2023,14-11-2023,21-11-2023,Home Decor,Maharashtra,CUST4779,2,4838,9676,Credit Card,Delivered,2
ORD100433,29-11-2023,29-11-2023,30-11-2023,Footwear,Tamil Nadu,CUST1135,7,3603,25221,Wallet,Cancelled,3
ORD100434,18-09-2023,22-09-2023,28-09-2023,Electronics,Gujarat,CUST6566,6,4512,27072,UPI,Delivered,4
ORD100435,19-02-2023,23-02-2023,25-02-2023,Beauty,Karnataka,CUST9376,4,3407,13628,Credit Card,In Transit,5
ORD100436,31-10-2022,02-11-2022,05-11-2022,Toys,Kerala,CUST9045,1,4317,4317,Net Banking,In Transit,3
ORD100437,30-01-2022,04-02-2022,08-02-2022,Beauty,Punjab,CUST6581,9,236,2124,UPI,Delivered,5
ORD100438,04-09-2022,06-09-2022,11-09-2022,Footwear,Tamil Nadu,CUST9147,3,166,498,Wallet,Returned,2
ORD100439,04-02-2022,07-02-2022,14-02-2022,Grocery,Gujarat,CUST7477,10,1480,14800,Debit Card,In Transit,5
ORD100440,22-10-2022,27-10-2022,31-10-2022,Grocery,Karnataka,CUST9876,6,3359,20154,Wallet,In Transit,5
ORD100441,26-05-2022,26-05-2022,29-05-2022,Toys,Karnataka,CUST6665,8,3490,27920,UPI,Delivered,4
ORD100442,20-11-2023,20-11-2023,24-11-2023,Footwear,Uttar Pradesh,CUST2688,3,4497,13491,Net Banking,In Transit,1
ORD100443,31-10-2022,03-11-2022,07-11-2022,Home Decor,Karnataka,CUST7517,5,1504,7520,Net Banking,Returned,1
ORD100444,13-03-2022,15-03-2022,21-03-2022,Beauty,Delhi,CUST4444,7,996,6972,Credit Card,Returned,5
ORD100445,07-09-2023,12-09-2023,14-09-2023,Clothing,Uttar Pradesh,CUST6232,9,4885,43965,UPI,In Transit,2
ORD100446,01-01-2022,02-01-2022,05-01-2022,Beauty,Punjab,CUST9573,9,2208,19872,Wallet,In Transit,3
ORD100447,21-02-2023,21-02-2023,22-02-2023,Footwear,Tamil Nadu,CUST2969,3,279,837,Wallet,Cancelled,4
ORD100448,07-02-2023,09-02-2023,14-02-2023,Electronics,Punjab,CUST9125,9,343,3087,Debit Card,In Transit,
ORD100449,16-06-2023,20-06-2023,27-06-2023,Beauty,Gujarat,CUST1593,1,1821,1821,Debit Card,In Transit,1
ORD100450,24-01-2023,24-01-2023,27-01-2023,Electronics,Maharashtra,CUST7324,3,4157,12471,Wallet,In Transit,5
ORD100451,29-05-2023,29-05-2023,05-06-2023,Books,Kerala,CUST7696,4,3201,12804,Debit Card,Returned,3
ORD100452,28-01-2022,30-01-2022,05-02-2022,Home Decor,Gujarat,CUST1830,2,4462,8924,Net Banking,Returned,3
ORD100453,18-09-2023,20-09-2023,26-09-2023,Footwear,Gujarat,CUST3261,4,1306,5224,Net Banking,Returned,5
ORD100454,20-10-2023,22-10-2023,24-10-2023,Toys,Karnataka,CUST3024,6,3176,19056,Wallet,Delivered,2
ORD100455,11-06-2022,16-06-2022,21-06-2022,Books,Tamil Nadu,CUST6933,10,1190,11900,Credit Card,In Transit,4
ORD100456,01-12-2022,03-12-2022,07-12-2022,Grocery,Kerala,CUST1878,3,808,2424,UPI,Delivered,4
ORD100457,07-08-2022,10-08-2022,11-08-2022,Books,Delhi,CUST6016,9,3551,31959,Wallet,Returned,5
ORD100458,28-04-2023,30-04-2023,05-05-2023,Footwear,Maharashtra,CUST5762,10,988,9880,UPI,Delivered,4
ORD100459,27-06-2022,29-06-2022,04-07-2022,Beauty,Gujarat,CUST6744,5,2842,14210,Credit Card,Delivered,
ORD100460,07-08-2023,11-08-2023,13-08-2023,Electronics,Gujarat,CUST4951,3,1393,4179,Credit Card,Delivered,5
ORD100461,31-08-2022,02-09-2022,03-09-2022,Toys,Gujarat,CUST2726,8,4316,34528,Credit Card,Delivered,5
ORD100462,14-04-2023,16-04-2023,23-04-2023,Clothing,Maharashtra,CUST6225,5,4506,22530,Wallet,Delivered,5
ORD100463,17-07-2022,19-07-2022,21-07-2022,Toys,Kerala,CUST6986,9,3765,33885,UPI,Returned,2
ORD100464,07-09-2022,10-09-2022,17-09-2022,Clothing,Punjab,CUST4447,8,4946,39568,Wallet,Delivered,2
ORD100465,24-01-2023,27-01-2023,03-02-2023,Beauty,Kerala,CUST4922,7,2526,17682,UPI,Returned,
ORD100466,20-11-2022,23-11-2022,30-11-2022,Clothing,Gujarat,CUST7675,10,3756,37560,Debit Card,In Transit,4
ORD100467,21-08-2023,22-08-2023,23-08-2023,Clothing,Gujarat,CUST1420,5,3566,17830,Debit Card,Returned,2
ORD100468,08-05-2023,09-05-2023,15-05-2023,Electronics,Karnataka,CUST6654,3,2080,6240,Wallet,Delivered,3
ORD100469,14-06-2023,14-06-2023,19-06-2023,Toys,Delhi,CUST8646,8,4220,33760,Wallet,Cancelled,
ORD100470,20-04-2022,25-04-2022,01-05-2022,Toys,Maharashtra,CUST4303,4,606,2424,Wallet,Returned,5
ORD100471,20-08-2022,20-08-2022,25-08-2022,Grocery,Karnataka,CUST1567,1,1223,1223,UPI,Cancelled,
ORD100472,26-07-2023,28-07-2023,04-08-2023,Electronics,Uttar Pradesh,CUST2796,7,3236,22652,Credit Card,In Transit,3
ORD100473,04-02-2022,07-02-2022,09-02-2022,Books,Kerala,CUST9520,10,2941,29410,UPI,Delivered,
ORD100474,24-09-2022,26-09-2022,30-09-2022,Books,Gujarat,CUST8293,9,1195,10755,UPI,Returned,4
ORD100475,25-09-2022,26-09-2022,01-10-2022,Electronics,Karnataka,CUST3768,7,4557,31899,Debit Card,Returned,2
ORD100476,19-02-2022,19-02-2022,25-02-2022,Clothing,Punjab,CUST4896,3,4759,14277,Credit Card,Delivered,5
ORD100477,30-11-2023,05-12-2023,12-12-2023,Toys,Uttar Pradesh,CUST4345,7,384,2688,Net Banking,Returned,5
ORD100478,16-09-2022,20-09-2022,24-09-2022,Electronics,Karnataka,CUST8207,1,2595,2595,Credit Card,Delivered,3
ORD100479,24-08-2022,25-08-2022,28-08-2022,Footwear,Punjab,CUST4574,1,2460,2460,UPI,Delivered,1
ORD100480,11-05-2022,11-05-2022,15-05-2022,Clothing,Gujarat,CUST7000,1,1325,1325,UPI,Cancelled,2
ORD100481,22-04-2022,26-04-2022,27-04-2022,Grocery,Karnataka,CUST1006,3,1191,3573,Credit Card,Returned,3
ORD100482,07-03-2023,12-03-2023,15-03-2023,Footwear,Kerala,CUST8486,5,2611,13055,Debit Card,Returned,2
ORD100483,11-04-2023,16-04-2023,19-04-2023,Grocery,Uttar Pradesh,CUST6846,2,3231,6462,Net Banking,Cancelled,1
ORD100484,07-09-2023,08-09-2023,10-09-2023,Toys,Kerala,CUST1924,5,3539,17695,Net Banking,Delivered,1
ORD100485,28-07-2023,02-08-2023,07-08-2023,Beauty,Tamil Nadu,CUST8701,2,2772,5544,UPI,In Transit,2
ORD100486,13-06-2023,18-06-2023,19-06-2023,Clothing,Tamil Nadu,CUST3391,4,1607,6428,Wallet,In Transit,3
ORD100487,29-11-2022,29-11-2022,03-12-2022,Clothing,Kerala,CUST6607,5,3613,18065,Net Banking,In Transit,2
ORD100488,09-07-2022,12-07-2022,18-07-2022,Footwear,Maharashtra,CUST6950,8,1255,10040,Credit Card,Delivered,5
ORD100489,05-10-2023,08-10-2023,11-10-2023,Footwear,Tamil Nadu,CUST1206,2,781,1562,Debit Card,Cancelled,2
ORD100490,01-02-2022,04-02-2022,07-02-2022,Home Decor,Kerala,CUST9132,1,1863,1863,Credit Card,Delivered,4
ORD100491,09-05-2022,09-05-2022,16-05-2022,Toys,Punjab,CUST7058,2,4148,8296,Debit Card,In Transit,1
ORD100492,22-10-2023,27-10-2023,28-10-2023,Grocery,Uttar Pradesh,CUST3097,9,4563,41067,Debit Card,In Transit,1
ORD100493,07-04-2022,09-04-2022,10-04-2022,Toys,Delhi,CUST3101,10,1628,16280,Credit Card,Delivered,3
ORD100494,22-09-2022,24-09-2022,28-09-2022,Clothing,Punjab,CUST6443,4,3799,15196,UPI,Returned,1
ORD100495,07-11-2022,09-11-2022,12-11-2022,Toys,Gujarat,CUST4708,9,2620,23580,Wallet,Cancelled,4
ORD100496,26-04-2022,30-04-2022,06-05-2022,Toys,Delhi,CUST4028,9,3711,33399,Wallet,Delivered,1
ORD100497,13-10-2023,15-10-2023,20-10-2023,Beauty,Uttar Pradesh,CUST5561,5,3250,16250,Credit Card,Returned,1
ORD100498,24-11-2022,25-11-2022,30-11-2022,Clothing,Gujarat,CUST2733,2,2413,4826,UPI,In Transit,
ORD100499,23-04-2023,24-04-2023,28-04-2023,Grocery,Maharashtra,CUST6274,8,3236,25888,Net Banking,Cancelled,3
ORD100500,06-01-2022,11-01-2022,17-01-2022,Toys,Delhi,CUST5756,1,1670,1670,Credit Card,Cancelled,2
ORD100501,04-11-2022,09-11-2022,13-11-2022,Beauty,Maharashtra,CUST6404,6,2895,17370,UPI,Returned,2
ORD100502,18-04-2023,22-04-2023,29-04-2023,Grocery,Uttar Pradesh,CUST2446,2,3651,7302,Credit Card,Returned,1
ORD100503,23-05-2023,25-05-2023,28-05-2023,Clothing,Kerala,CUST7201,8,2744,21952,Wallet,Returned,2
ORD100504,02-06-2023,05-06-2023,12-06-2023,Grocery,Karnataka,CUST8040,8,2403,19224,Wallet,In Transit,1
ORD100505,01-08-2023,03-08-2023,09-08-2023,Beauty,Karnataka,CUST6377,6,2258,13548,Debit Card,Cancelled,2
ORD100506,12-05-2023,14-05-2023,17-05-2023,Beauty,Punjab,CUST6812,2,3037,6074,Net Banking,Returned,5
ORD100507,14-10-2022,15-10-2022,16-10-2022,Toys,Punjab,CUST8684,6,1271,7626,Credit Card,Delivered,1
ORD100508,10-02-2022,13-02-2022,19-02-2022,Footwear,Kerala,CUST2726,1,4341,4341,UPI,Cancelled,1
ORD100509,02-10-2023,05-10-2023,06-10-2023,Home Decor,Gujarat,CUST3304,10,464,4640,UPI,In Transit,5
ORD100510,22-08-2023,26-08-2023,01-09-2023,Grocery,Gujarat,CUST9624,1,4830,4830,Debit Card,Returned,3
ORD100511,18-07-2023,19-07-2023,21-07-2023,Books,Delhi,CUST5194,4,858,3432,Wallet,Delivered,4
ORD100512,15-07-2023,16-07-2023,22-07-2023,Electronics,Maharashtra,CUST3726,5,277,1385,Net Banking,Delivered,2
ORD100513,19-09-2022,21-09-2022,25-09-2022,Grocery,Delhi,CUST6654,1,1364,1364,Credit Card,Delivered,1
ORD100514,10-04-2023,11-04-2023,15-04-2023,Footwear,Kerala,CUST6475,3,3309,9927,UPI,In Transit,3
ORD100515,29-06-2023,02-07-2023,04-07-2023,Clothing,Punjab,CUST1754,3,3629,10887,UPI,Returned,2
ORD100516,12-01-2023,15-01-2023,19-01-2023,Electronics,Tamil Nadu,CUST4767,10,3802,38020,Net Banking,In Transit,3
ORD100517,26-09-2022,29-09-2022,05-10-2022,Clothing,Punjab,CUST3307,7,602,4214,Wallet,Delivered,5
ORD100518,21-04-2022,26-04-2022,28-04-2022,Toys,Tamil Nadu,CUST3944,1,3028,3028,Debit Card,Returned,4
ORD100519,13-04-2023,13-04-2023,19-04-2023,Toys,Kerala,CUST6923,10,1707,17070,Wallet,Delivered,2
ORD100520,26-09-2023,01-10-2023,06-10-2023,Books,Delhi,CUST4533,9,1091,9819,Net Banking,Cancelled,4
ORD100521,19-06-2023,23-06-2023,30-06-2023,Electronics,Gujarat,CUST9270,7,4232,29624,UPI,Cancelled,2
ORD100522,26-03-2022,28-03-2022,29-03-2022,Footwear,Maharashtra,CUST7483,10,2713,27130,Net Banking,Delivered,5
ORD100523,19-01-2023,22-01-2023,26-01-2023,Toys,Kerala,CUST7030,7,4996,34972,Wallet,Delivered,2
ORD100524,30-03-2022,01-04-2022,04-04-2022,Toys,Uttar Pradesh,CUST3624,2,1845,3690,Net Banking,Cancelled,
ORD100525,05-06-2023,06-06-2023,13-06-2023,Beauty,Tamil Nadu,CUST3890,8,4852,38816,Wallet,Delivered,1
ORD100526,27-06-2022,02-07-2022,03-07-2022,Footwear,Karnataka,CUST5036,1,2590,2590,Debit Card,In Transit,3
ORD100527,30-06-2023,03-07-2023,10-07-2023,Grocery,Tamil Nadu,CUST3245,7,3624,25368,UPI,Delivered,2
ORD100528,26-04-2022,30-04-2022,04-05-2022,Electronics,Tamil Nadu,CUST7577,3,3817,11451,Wallet,Cancelled,
ORD100529,25-02-2023,27-02-2023,06-03-2023,Grocery,Maharashtra,CUST4091,10,1849,18490,UPI,Delivered,1
ORD100530,04-04-2022,06-04-2022,11-04-2022,Footwear,Gujarat,CUST3957,10,3409,34090,Credit Card,Returned,4
ORD100531,29-03-2022,02-04-2022,06-04-2022,Footwear,Uttar Pradesh,CUST7878,3,769,2307,Debit Card,Delivered,3
ORD100532,28-07-2022,30-07-2022,02-08-2022,Home Decor,Uttar Pradesh,CUST1172,10,3875,38750,Net Banking,Returned,2
ORD100533,22-01-2022,23-01-2022,27-01-2022,Beauty,Tamil Nadu,CUST4858,10,1679,16790,Net Banking,Cancelled,4
ORD100534,14-11-2022,16-11-2022,20-11-2022,Home Decor,Gujarat,CUST5009,3,1501,4503,Net Banking,Returned,5
ORD100535,09-01-2022,13-01-2022,14-01-2022,Beauty,Karnataka,CUST9283,6,2381,14286,Wallet,Delivered,4
ORD100536,05-08-2023,05-08-2023,06-08-2023,Beauty,Delhi,CUST4248,7,2631,18417,UPI,Returned,4
ORD100537,16-09-2022,19-09-2022,23-09-2022,Grocery,Tamil Nadu,CUST2324,7,3436,24052,Wallet,Returned,
ORD100538,13-02-2023,18-02-2023,25-02-2023,Home Decor,Tamil Nadu,CUST9169,7,1398,9786,Credit Card,Returned,2
ORD100539,05-08-2023,07-08-2023,14-08-2023,Grocery,Maharashtra,CUST2711,1,3551,3551,Debit Card,In Transit,3
ORD100540,07-11-2022,07-11-2022,08-11-2022,Grocery,Punjab,CUST1999,7,3640,25480,Wallet,Cancelled,2
ORD100541,12-10-2023,17-10-2023,19-10-2023,Beauty,Punjab,CUST8977,6,4866,29196,Credit Card,Cancelled,
ORD100542,22-08-2022,26-08-2022,02-09-2022,Toys,Tamil Nadu,CUST4683,7,2045,14315,Net Banking,Returned,1
ORD100543,20-02-2022,23-02-2022,24-02-2022,Footwear,Uttar Pradesh,CUST5192,10,2714,27140,Net Banking,Returned,3
ORD100544,18-11-2022,18-11-2022,20-11-2022,Books,Maharashtra,CUST2508,9,3401,30609,UPI,Returned,2
ORD100545,18-04-2022,23-04-2022,28-04-2022,Beauty,Kerala,CUST3538,7,3372,23604,Debit Card,Returned,4
ORD100546,25-09-2022,30-09-2022,01-10-2022,Books,Tamil Nadu,CUST1331,6,3705,22230,Net Banking,Returned,2
ORD100547,20-07-2023,23-07-2023,25-07-2023,Electronics,Tamil Nadu,CUST1237,8,3826,30608,Net Banking,Cancelled,
ORD100548,30-01-2022,31-01-2022,03-02-2022,Books,Delhi,CUST4517,6,1039,6234,Credit Card,Returned,4
ORD100549,30-10-2022,04-11-2022,06-11-2022,Toys,Punjab,CUST4156,5,3449,17245,Debit Card,Returned,4
ORD100550,11-02-2023,11-02-2023,18-02-2023,Home Decor,Gujarat,CUST2447,8,3478,27824,Debit Card,Cancelled,3
ORD100551,27-12-2022,27-12-2022,28-12-2022,Beauty,Maharashtra,CUST7269,7,3017,21119,UPI,Returned,1
ORD100552,02-05-2023,02-05-2023,07-05-2023,Footwear,Punjab,CUST1935,6,4418,26508,UPI,Returned,
ORD100553,18-10-2023,23-10-2023,28-10-2023,Toys,Punjab,CUST2203,7,158,1106,Net Banking,In Transit,5
ORD100554,07-07-2023,08-07-2023,12-07-2023,Books,Punjab,CUST5359,8,455,3640,Wallet,Cancelled,
ORD100555,06-09-2022,07-09-2022,11-09-2022,Home Decor,Karnataka,CUST1350,1,3270,3270,Wallet,In Transit,2
ORD100556,11-02-2022,11-02-2022,12-02-2022,Grocery,Delhi,CUST1602,3,1092,3276,Debit Card,Returned,4
ORD100557,08-03-2022,08-03-2022,14-03-2022,Electronics,Karnataka,CUST4238,1,3040,3040,Debit Card,Returned,5
ORD100558,14-04-2023,15-04-2023,17-04-2023,Home Decor,Uttar Pradesh,CUST4801,9,1279,11511,Debit Card,Cancelled,3
ORD100559,21-09-2022,23-09-2022,30-09-2022,Grocery,Karnataka,CUST5825,2,3623,7246,UPI,In Transit,2
ORD100560,14-05-2022,14-05-2022,19-05-2022,Electronics,Delhi,CUST6085,7,613,4291,Wallet,In Transit,
ORD100561,04-11-2023,08-11-2023,14-11-2023,Beauty,Karnataka,CUST6782,6,2794,16764,Credit Card,In Transit,5
ORD100562,01-01-2022,02-01-2022,07-01-2022,Toys,Delhi,CUST5411,9,1804,16236,Net Banking,Returned,1
ORD100563,07-04-2022,12-04-2022,13-04-2022,Home Decor,Karnataka,CUST9651,3,4873,14619,Credit Card,Cancelled,4
ORD100564,26-09-2022,30-09-2022,07-10-2022,Grocery,Uttar Pradesh,CUST2085,4,1447,5788,Debit Card,In Transit,2
ORD100565,07-03-2022,08-03-2022,15-03-2022,Grocery,Kerala,CUST7376,3,2752,8256,Debit Card,Cancelled,1
ORD100566,21-07-2023,26-07-2023,31-07-2023,Clothing,Karnataka,CUST8165,9,4063,36567,Credit Card,In Transit,
ORD100567,14-01-2022,14-01-2022,20-01-2022,Beauty,Gujarat,CUST5166,10,718,7180,Wallet,Returned,2
ORD100568,22-09-2022,22-09-2022,26-09-2022,Home Decor,Gujarat,CUST7629,8,2200,17600,UPI,Returned,5
ORD100569,15-07-2023,15-07-2023,19-07-2023,Electronics,Punjab,CUST6287,2,3271,6542,Wallet,Delivered,1
ORD100570,24-09-2023,25-09-2023,28-09-2023,Books,Uttar Pradesh,CUST4798,8,1958,15664,Debit Card,Returned,
ORD100571,25-04-2023,29-04-2023,04-05-2023,Grocery,Maharashtra,CUST2009,7,3866,27062,UPI,Returned,2
ORD100572,24-06-2023,28-06-2023,02-07-2023,Clothing,Delhi,CUST1491,4,946,3784,Credit Card,Delivered,2
ORD100573,15-09-2023,20-09-2023,24-09-2023,Books,Maharashtra,CUST1782,10,2551,25510,Debit Card,Returned,4
ORD100574,06-01-2023,06-01-2023,10-01-2023,Beauty,Maharashtra,CUST5741,1,1251,1251,UPI,Returned,
ORD100575,20-08-2022,21-08-2022,23-08-2022,Toys,Uttar Pradesh,CUST3685,3,3046,9138,Debit Card,Delivered,5
ORD100576,17-01-2023,19-01-2023,23-01-2023,Home Decor,Punjab,CUST2355,2,4667,9334,Debit Card,In Transit,4
ORD100577,12-08-2022,12-08-2022,18-08-2022,Footwear,Kerala,CUST5345,3,3291,9873,Wallet,Returned,1
ORD100578,02-06-2023,05-06-2023,12-06-2023,Electronics,Kerala,CUST4278,2,3159,6318,UPI,Returned,5
ORD100579,14-02-2023,16-02-2023,18-02-2023,Toys,Punjab,CUST2603,9,2508,22572,UPI,Returned,
ORD100580,12-07-2022,13-07-2022,17-07-2022,Books,Gujarat,CUST7452,2,2890,5780,Net Banking,In Transit,
ORD100581,23-11-2023,27-11-2023,30-11-2023,Grocery,Tamil Nadu,CUST8145,8,3889,31112,UPI,Returned,1
ORD100582,15-07-2022,18-07-2022,19-07-2022,Clothing,Punjab,CUST6682,8,4073,32584,UPI,Delivered,5
ORD100583,30-01-2022,04-02-2022,08-02-2022,Electronics,Tamil Nadu,CUST8024,4,513,2052,Debit Card,Delivered,2
ORD100584,11-04-2023,12-04-2023,15-04-2023,Grocery,Gujarat,CUST7014,4,1374,5496,Credit Card,In Transit,5
ORD100585,07-07-2022,08-07-2022,10-07-2022,Home Decor,Punjab,CUST1576,7,619,4333,Net Banking,Cancelled,5
ORD100586,05-05-2023,07-05-2023,09-05-2023,Clothing,Karnataka,CUST8939,3,4273,12819,Debit Card,Delivered,
ORD100587,25-03-2022,27-03-2022,03-04-2022,Toys,Uttar Pradesh,CUST7779,2,3172,6344,Wallet,Delivered,
ORD100588,08-04-2022,11-04-2022,17-04-2022,Grocery,Gujarat,CUST7969,10,1656,16560,Debit Card,Delivered,
ORD100589,24-02-2023,28-02-2023,06-03-2023,Toys,Punjab,CUST2254,4,4021,16084,UPI,In Transit,5
ORD100590,15-05-2023,16-05-2023,22-05-2023,Electronics,Maharashtra,CUST1059,7,2335,16345,UPI,Returned,4
ORD100591,20-03-2022,25-03-2022,26-03-2022,Home Decor,Kerala,CUST2208,9,2321,20889,Net Banking,In Transit,5
ORD100592,22-02-2022,25-02-2022,03-03-2022,Electronics,Kerala,CUST2144,5,4692,23460,Credit Card,Cancelled,
ORD100593,04-03-2023,08-03-2023,10-03-2023,Toys,Uttar Pradesh,CUST5158,8,4286,34288,UPI,In Transit,
ORD100594,28-10-2023,30-10-2023,03-11-2023,Footwear,Uttar Pradesh,CUST5374,10,4496,44960,Credit Card,Delivered,5
ORD100595,31-10-2023,05-11-2023,12-11-2023,Footwear,Tamil Nadu,CUST6327,1,445,445,UPI,In Transit,5
ORD100596,04-08-2022,07-08-2022,09-08-2022,Books,Tamil Nadu,CUST5968,2,1206,2412,Credit Card,Cancelled,5
ORD100597,17-03-2022,19-03-2022,23-03-2022,Home Decor,Tamil Nadu,CUST3228,6,3750,22500,UPI,Cancelled,2
ORD100598,30-06-2022,04-07-2022,05-07-2022,Clothing,Punjab,CUST8236,1,3526,3526,Credit Card,Delivered,1
ORD100599,29-06-2023,04-07-2023,06-07-2023,Beauty,Kerala,CUST9281,4,3749,14996,Wallet,Delivered,5
ORD100600,03-07-2023,07-07-2023,14-07-2023,Footwear,Punjab,CUST1334,9,3783,34047,Debit Card,In Transit,
ORD100601,12-11-2023,15-11-2023,21-11-2023,Toys,Uttar Pradesh,CUST2202,7,767,5369,Wallet,Cancelled,3
ORD100602,08-03-2023,09-03-2023,13-03-2023,Electronics,Kerala,CUST2211,8,4199,33592,Debit Card,Delivered,2
ORD100603,27-06-2023,02-07-2023,03-07-2023,Books,Kerala,CUST9002,2,3008,6016,UPI,In Transit,3
ORD100604,22-03-2023,25-03-2023,28-03-2023,Grocery,Karnataka,CUST3495,1,714,714,Credit Card,Cancelled,4
ORD100605,21-10-2022,23-10-2022,27-10-2022,Home Decor,Uttar Pradesh,CUST3233,8,4866,38928,UPI,In Transit,5
ORD100606,13-09-2023,17-09-2023,21-09-2023,Footwear,Uttar Pradesh,CUST6709,10,2856,28560,Debit Card,Delivered,3
ORD100607,12-02-2022,15-02-2022,19-02-2022,Books,Maharashtra,CUST7143,6,2242,13452,Credit Card,In Transit,1
ORD100608,09-11-2023,10-11-2023,11-11-2023,Clothing,Uttar Pradesh,CUST4897,9,2370,21330,Wallet,Returned,5
ORD100609,05-07-2022,05-07-2022,10-07-2022,Books,Punjab,CUST9315,9,3966,35694,Net Banking,In Transit,5
ORD100610,23-11-2022,23-11-2022,27-11-2022,Home Decor,Uttar Pradesh,CUST2867,1,1442,1442,UPI,Returned,
ORD100611,29-01-2023,01-02-2023,05-02-2023,Toys,Maharashtra,CUST9091,2,2617,5234,Credit Card,Cancelled,
ORD100612,07-07-2022,08-07-2022,14-07-2022,Toys,Karnataka,CUST7440,8,3878,31024,Wallet,Cancelled,
ORD100613,27-08-2023,29-08-2023,03-09-2023,Clothing,Gujarat,CUST8715,1,706,706,Net Banking,Returned,3
ORD100614,07-08-2022,07-08-2022,09-08-2022,Toys,Punjab,CUST8898,8,4939,39512,UPI,Delivered,4
ORD100615,16-05-2022,16-05-2022,18-05-2022,Beauty,Uttar Pradesh,CUST7572,10,1061,10610,Net Banking,In Transit,
ORD100616,14-06-2022,17-06-2022,23-06-2022,Clothing,Uttar Pradesh,CUST4447,10,1007,10070,UPI,Cancelled,5
ORD100617,06-09-2023,09-09-2023,10-09-2023,Toys,Uttar Pradesh,CUST5876,3,2095,6285,UPI,Returned,
ORD100618,07-10-2023,07-10-2023,08-10-2023,Home Decor,Uttar Pradesh,CUST7758,9,4190,37710,Credit Card,In Transit,3
ORD100619,20-05-2023,23-05-2023,30-05-2023,Toys,Kerala,CUST9198,7,2864,20048,Credit Card,Cancelled,5
ORD100620,01-05-2023,06-05-2023,13-05-2023,Books,Uttar Pradesh,CUST7907,7,2033,14231,Debit Card,In Transit,3
ORD100621,29-10-2022,31-10-2022,02-11-2022,Home Decor,Uttar Pradesh,CUST9972,6,3746,22476,UPI,Returned,3
ORD100622,14-07-2023,16-07-2023,18-07-2023,Footwear,Maharashtra,CUST6655,3,1676,5028,Net Banking,In Transit,5
ORD100623,16-01-2022,17-01-2022,23-01-2022,Grocery,Punjab,CUST6676,3,3768,11304,Credit Card,Delivered,3
ORD100624,24-01-2023,26-01-2023,01-02-2023,Home Decor,Kerala,CUST6018,5,3408,17040,Credit Card,Delivered,5
ORD100625,26-04-2023,01-05-2023,06-05-2023,Beauty,Punjab,CUST5364,10,4861,48610,Debit Card,Cancelled,3
ORD100626,25-10-2023,25-10-2023,28-10-2023,Clothing,Gujarat,CUST1477,10,3509,35090,Debit Card,Cancelled,3
ORD100627,09-09-2023,13-09-2023,18-09-2023,Electronics,Kerala,CUST1911,6,3396,20376,Credit Card,Returned,1
ORD100628,18-03-2022,23-03-2022,29-03-2022,Beauty,Maharashtra,CUST6926,8,4932,39456,Net Banking,In Transit,1
ORD100629,26-03-2023,28-03-2023,03-04-2023,Clothing,Delhi,CUST5278,3,3178,9534,Credit Card,Returned,4
ORD100630,19-10-2023,21-10-2023,26-10-2023,Beauty,Maharashtra,CUST4637,10,925,9250,Debit Card,Cancelled,1
ORD100631,27-07-2022,28-07-2022,30-07-2022,Grocery,Delhi,CUST5776,2,866,1732,Net Banking,In Transit,5
ORD100632,23-10-2023,25-10-2023,26-10-2023,Home Decor,Maharashtra,CUST4797,8,3641,29128,Wallet,Cancelled,1
ORD100633,14-11-2023,17-11-2023,23-11-2023,Toys,Delhi,CUST8194,5,356,1780,Credit Card,Cancelled,
ORD100634,02-02-2022,02-02-2022,08-02-2022,Beauty,Uttar Pradesh,CUST1257,9,2683,24147,Net Banking,Cancelled,3
ORD100635,29-03-2022,31-03-2022,06-04-2022,Home Decor,Maharashtra,CUST3262,3,1548,4644,Credit Card,Returned,2
ORD100636,03-05-2023,04-05-2023,10-05-2023,Electronics,Delhi,CUST8998,6,3127,18762,Net Banking,Returned,2
ORD100637,18-04-2022,20-04-2022,21-04-2022,Clothing,Punjab,CUST1993,4,3996,15984,Credit Card,Delivered,
ORD100638,18-08-2023,22-08-2023,29-08-2023,Electronics,Delhi,CUST1104,8,4814,38512,UPI,In Transit,3
ORD100639,09-10-2023,12-10-2023,17-10-2023,Grocery,Maharashtra,CUST2810,9,4920,44280,UPI,Cancelled,4
ORD100640,30-06-2022,30-06-2022,07-07-2022,Home Decor,Delhi,CUST1658,4,4177,16708,Net Banking,Cancelled,4
ORD100641,21-02-2023,23-02-2023,28-02-2023,Footwear,Kerala,CUST1287,9,351,3159,Wallet,Returned,2
ORD100642,12-12-2022,15-12-2022,19-12-2022,Toys,Kerala,CUST8273,1,2757,2757,Credit Card,Delivered,4
ORD100643,17-05-2022,19-05-2022,23-05-2022,Grocery,Delhi,CUST4946,4,186,744,Debit Card,Delivered,3
ORD100644,03-09-2022,08-09-2022,09-09-2022,Toys,Delhi,CUST2525,8,3771,30168,Net Banking,Cancelled,5
ORD100645,03-04-2023,06-04-2023,11-04-2023,Home Decor,Kerala,CUST3887,2,2216,4432,Credit Card,Cancelled,1
ORD100646,16-03-2023,19-03-2023,25-03-2023,Home Decor,Tamil Nadu,CUST3510,8,304,2432,Wallet,Cancelled,2
ORD100647,09-09-2022,10-09-2022,13-09-2022,Clothing,Maharashtra,CUST6169,4,2645,10580,Net Banking,Delivered,
ORD100648,10-07-2022,12-07-2022,16-07-2022,Clothing,Karnataka,CUST4886,4,4340,17360,Net Banking,Delivered,3
ORD100649,17-02-2022,20-02-2022,24-02-2022,Toys,Gujarat,CUST2435,3,4422,13266,UPI,Delivered,3
ORD100650,18-09-2023,18-09-2023,19-09-2023,Clothing,Delhi,CUST4389,2,262,524,Wallet,Delivered,2
ORD100651,01-05-2022,06-05-2022,09-05-2022,Beauty,Karnataka,CUST2208,5,1323,6615,UPI,Cancelled,3
ORD100652,15-10-2022,16-10-2022,21-10-2022,Grocery,Maharashtra,CUST6613,8,4671,37368,Debit Card,Delivered,2
ORD100653,02-01-2022,06-01-2022,12-01-2022,Grocery,Tamil Nadu,CUST6268,6,2839,17034,Debit Card,In Transit,1
ORD100654,14-04-2023,18-04-2023,19-04-2023,Home Decor,Maharashtra,CUST3736,10,519,5190,UPI,Delivered,
ORD100655,16-05-2022,21-05-2022,22-05-2022,Books,Delhi,CUST8846,4,1928,7712,Wallet,In Transit,5
ORD100656,14-11-2022,17-11-2022,23-11-2022,Grocery,Karnataka,CUST4543,2,3322,6644,Credit Card,Cancelled,4
ORD100657,08-03-2022,13-03-2022,16-03-2022,Footwear,Karnataka,CUST8747,4,2298,9192,Debit Card,In Transit,3
ORD100658,30-08-2022,02-09-2022,06-09-2022,Footwear,Tamil Nadu,CUST2223,10,4342,43420,Credit Card,In Transit,3
ORD100659,19-04-2022,23-04-2022,27-04-2022,Grocery,Maharashtra,CUST6983,4,673,2692,Debit Card,Returned,2
ORD100660,06-07-2022,07-07-2022,14-07-2022,Grocery,Punjab,CUST5107,9,4553,40977,UPI,Cancelled,1
ORD100661,12-10-2022,15-10-2022,21-10-2022,Home Decor,Tamil Nadu,CUST6356,9,1286,11574,UPI,Returned,1
ORD100662,22-07-2023,27-07-2023,01-08-2023,Grocery,Maharashtra,CUST5388,10,4557,45570,UPI,Cancelled,5
ORD100663,05-04-2023,05-04-2023,08-04-2023,Books,Punjab,CUST4574,4,3160,12640,Net Banking,Delivered,1
ORD100664,29-11-2022,01-12-2022,05-12-2022,Clothing,Punjab,CUST2071,9,2595,23355,UPI,In Transit,1
ORD100665,20-02-2023,20-02-2023,25-02-2023,Grocery,Delhi,CUST2130,1,4958,4958,Credit Card,Returned,
ORD100666,30-04-2023,03-05-2023,06-05-2023,Footwear,Maharashtra,CUST8448,9,4629,41661,Net Banking,Returned,1
ORD100667,19-02-2022,22-02-2022,24-02-2022,Home Decor,Maharashtra,CUST2207,5,4314,21570,Debit Card,Cancelled,3
ORD100668,22-04-2023,27-04-2023,30-04-2023,Books,Kerala,CUST8070,3,3519,10557,Credit Card,Delivered,4
ORD100669,27-10-2023,31-10-2023,02-11-2023,Electronics,Punjab,CUST9231,9,497,4473,Debit Card,Returned,5
ORD100670,05-06-2023,10-06-2023,16-06-2023,Electronics,Gujarat,CUST1042,5,362,1810,UPI,Returned,4
ORD100671,27-10-2023,28-10-2023,04-11-2023,Grocery,Kerala,CUST2137,3,309,927,Net Banking,Cancelled,3
ORD100672,01-06-2022,04-06-2022,11-06-2022,Clothing,Tamil Nadu,CUST8383,9,3434,30906,Credit Card,Cancelled,3
ORD100673,15-03-2022,16-03-2022,18-03-2022,Books,Tamil Nadu,CUST1231,1,3502,3502,Debit Card,In Transit,
ORD100674,29-03-2023,03-04-2023,06-04-2023,Clothing,Gujarat,CUST6011,5,1185,5925,Net Banking,Cancelled,3
ORD100675,23-10-2023,23-10-2023,24-10-2023,Grocery,Tamil Nadu,CUST9584,4,207,828,UPI,In Transit,3
ORD100676,27-07-2022,27-07-2022,02-08-2022,Beauty,Kerala,CUST8281,4,1520,6080,Credit Card,Cancelled,
ORD100677,23-03-2022,25-03-2022,26-03-2022,Home Decor,Gujarat,CUST5405,4,3867,15468,UPI,Cancelled,4
ORD100678,11-07-2023,14-07-2023,16-07-2023,Home Decor,Delhi,CUST6734,9,1621,14589,Credit Card,Cancelled,
ORD100679,21-11-2022,26-11-2022,02-12-2022,Electronics,Kerala,CUST5433,1,2681,2681,Net Banking,Delivered,4
ORD100680,21-03-2022,21-03-2022,28-03-2022,Beauty,Gujarat,CUST8161,9,1708,15372,Net Banking,Delivered,1
ORD100681,23-05-2023,28-05-2023,29-05-2023,Toys,Karnataka,CUST3607,4,3169,12676,Credit Card,Delivered,
ORD100682,24-04-2022,25-04-2022,02-05-2022,Grocery,Maharashtra,CUST6449,4,1932,7728,UPI,Cancelled,5
ORD100683,25-02-2022,02-03-2022,06-03-2022,Electronics,Gujarat,CUST2985,2,3252,6504,Credit Card,Delivered,2
ORD100684,29-09-2023,02-10-2023,05-10-2023,Toys,Maharashtra,CUST2757,2,379,758,Wallet,In Transit,2
ORD100685,21-11-2022,21-11-2022,25-11-2022,Beauty,Karnataka,CUST1841,9,4121,37089,Net Banking,Cancelled,2
ORD100686,02-05-2022,06-05-2022,11-05-2022,Home Decor,Gujarat,CUST6997,8,2057,16456,Wallet,Delivered,4
ORD100687,12-06-2023,17-06-2023,24-06-2023,Footwear,Delhi,CUST6424,10,4622,46220,Credit Card,Returned,3
ORD100688,22-10-2023,22-10-2023,24-10-2023,Beauty,Punjab,CUST1796,8,610,4880,UPI,In Transit,
ORD100689,25-01-2022,30-01-2022,04-02-2022,Grocery,Gujarat,CUST4702,1,4304,4304,Wallet,In Transit,4
ORD100690,26-11-2023,29-11-2023,02-12-2023,Footwear,Tamil Nadu,CUST5632,4,2743,10972,Net Banking,Cancelled,
ORD100691,01-05-2023,06-05-2023,09-05-2023,Electronics,Karnataka,CUST9070,2,2692,5384,Wallet,Returned,2
ORD100692,03-11-2023,03-11-2023,05-11-2023,Footwear,Gujarat,CUST7605,8,4653,37224,UPI,Cancelled,
ORD100693,23-02-2023,25-02-2023,01-03-2023,Grocery,Maharashtra,CUST5679,5,2911,14555,Credit Card,Delivered,1
ORD100694,04-12-2022,04-12-2022,05-12-2022,Home Decor,Gujarat,CUST1028,5,494,2470,Debit Card,In Transit,1
ORD100695,03-07-2023,04-07-2023,07-07-2023,Clothing,Maharashtra,CUST8759,2,1115,2230,Credit Card,In Transit,1
ORD100696,17-03-2022,20-03-2022,26-03-2022,Electronics,Kerala,CUST3518,7,1396,9772,Wallet,Delivered,
ORD100697,12-05-2022,14-05-2022,16-05-2022,Electronics,Uttar Pradesh,CUST2867,1,2891,2891,Net Banking,Cancelled,
ORD100698,02-10-2023,07-10-2023,12-10-2023,Toys,Kerala,CUST8931,4,1230,4920,Credit Card,In Transit,3
ORD100699,20-05-2023,21-05-2023,26-05-2023,Electronics,Karnataka,CUST5649,7,1049,7343,Wallet,In Transit,
ORD100700,07-01-2023,09-01-2023,15-01-2023,Footwear,Kerala,CUST5805,4,2034,8136,Net Banking,Cancelled,3
ORD100701,07-05-2022,12-05-2022,18-05-2022,Footwear,Karnataka,CUST9956,8,3491,27928,Wallet,Returned,2
ORD100702,24-07-2023,24-07-2023,27-07-2023,Beauty,Gujarat,CUST7938,3,4319,12957,Debit Card,Returned,
ORD100703,01-11-2022,03-11-2022,06-11-2022,Toys,Kerala,CUST8481,1,1910,1910,UPI,Returned,4
ORD100704,04-03-2022,07-03-2022,09-03-2022,Toys,Maharashtra,CUST7940,1,4922,4922,Wallet,Returned,4
ORD100705,17-10-2022,21-10-2022,25-10-2022,Toys,Punjab,CUST8669,4,229,916,Net Banking,Cancelled,
ORD100706,23-08-2022,28-08-2022,30-08-2022,Grocery,Maharashtra,CUST3824,2,4161,8322,Net Banking,Cancelled,1
ORD100707,03-03-2022,08-03-2022,13-03-2022,Electronics,Uttar Pradesh,CUST5843,2,3064,6128,UPI,Delivered,4
ORD100708,09-10-2022,13-10-2022,19-10-2022,Clothing,Delhi,CUST3976,4,599,2396,Net Banking,Cancelled,4
ORD100709,23-11-2023,23-11-2023,28-11-2023,Toys,Punjab,CUST6239,5,1000,5000,Credit Card,Cancelled,5
ORD100710,25-07-2022,25-07-2022,29-07-2022,Electronics,Karnataka,CUST6395,5,539,2695,Net Banking,Returned,1
ORD100711,05-10-2022,09-10-2022,16-10-2022,Home Decor,Punjab,CUST6339,6,1512,9072,Debit Card,Delivered,5
ORD100712,19-06-2022,21-06-2022,22-06-2022,Clothing,Punjab,CUST1543,2,222,444,Debit Card,Delivered,1
ORD100713,11-01-2022,13-01-2022,20-01-2022,Beauty,Punjab,CUST3269,3,4591,13773,Wallet,Returned,1
ORD100714,11-10-2023,13-10-2023,18-10-2023,Footwear,Delhi,CUST2315,1,3868,3868,UPI,Cancelled,4
ORD100715,03-11-2023,04-11-2023,11-11-2023,Books,Maharashtra,CUST7358,10,4535,45350,Net Banking,Cancelled,3
ORD100716,29-07-2022,01-08-2022,02-08-2022,Toys,Karnataka,CUST8944,9,2495,22455,Credit Card,Delivered,2
ORD100717,31-05-2022,02-06-2022,09-06-2022,Clothing,Punjab,CUST9633,3,1289,3867,Wallet,In Transit,
ORD100718,22-09-2023,25-09-2023,30-09-2023,Clothing,Uttar Pradesh,CUST2798,7,4345,30415,Wallet,Cancelled,1
ORD100719,10-07-2022,12-07-2022,18-07-2022,Home Decor,Gujarat,CUST5688,7,1038,7266,Debit Card,Delivered,2
ORD100720,05-03-2022,05-03-2022,06-03-2022,Home Decor,Delhi,CUST5250,5,2187,10935,Debit Card,Delivered,
ORD100721,10-08-2022,14-08-2022,18-08-2022,Books,Karnataka,CUST7880,9,4556,41004,Net Banking,In Transit,3
ORD100722,27-03-2023,31-03-2023,04-04-2023,Footwear,Karnataka,CUST3756,4,4609,18436,Credit Card,Returned,1
ORD100723,22-11-2022,23-11-2022,30-11-2022,Books,Karnataka,CUST8979,9,2872,25848,Net Banking,In Transit,
ORD100724,30-09-2023,01-10-2023,07-10-2023,Beauty,Karnataka,CUST2352,3,2709,8127,Debit Card,In Transit,1
ORD100725,08-11-2023,08-11-2023,13-11-2023,Footwear,Delhi,CUST8366,4,1797,7188,Wallet,Delivered,2
ORD100726,05-03-2023,07-03-2023,10-03-2023,Toys,Tamil Nadu,CUST3421,4,2372,9488,Credit Card,In Transit,4
ORD100727,02-08-2022,05-08-2022,07-08-2022,Electronics,Punjab,CUST6787,3,1429,4287,UPI,Cancelled,
ORD100728,22-01-2022,22-01-2022,26-01-2022,Electronics,Delhi,CUST7381,7,4753,33271,Net Banking,Delivered,5
ORD100729,13-06-2022,13-06-2022,19-06-2022,Toys,Uttar Pradesh,CUST1375,9,2435,21915,Wallet,Delivered,3
ORD100730,04-02-2022,05-02-2022,08-02-2022,Beauty,Karnataka,CUST3127,8,2978,23824,Wallet,Delivered,3
ORD100731,06-12-2022,10-12-2022,12-12-2022,Grocery,Delhi,CUST7294,6,3563,21378,Debit Card,Returned,2
ORD100732,09-02-2022,14-02-2022,18-02-2022,Clothing,Gujarat,CUST1958,5,239,1195,Credit Card,Cancelled,
ORD100733,27-04-2023,28-04-2023,04-05-2023,Books,Kerala,CUST8485,1,1700,1700,Debit Card,In Transit,3
ORD100734,13-02-2022,15-02-2022,20-02-2022,Clothing,Punjab,CUST7891,6,4094,24564,Net Banking,Delivered,3
ORD100735,28-03-2023,02-04-2023,03-04-2023,Electronics,Maharashtra,CUST8509,8,3834,30672,Credit Card,In Transit,2
ORD100736,14-04-2022,16-04-2022,20-04-2022,Electronics,Delhi,CUST1160,4,2569,10276,Credit Card,Returned,3
ORD100737,04-09-2023,04-09-2023,06-09-2023,Grocery,Maharashtra,CUST6856,7,1675,11725,Wallet,Returned,3
ORD100738,19-01-2023,22-01-2023,24-01-2023,Electronics,Delhi,CUST7792,4,1701,6804,Wallet,In Transit,3
ORD100739,21-07-2023,26-07-2023,01-08-2023,Beauty,Tamil Nadu,CUST6290,5,1983,9915,Credit Card,In Transit,4
ORD100740,21-07-2023,25-07-2023,28-07-2023,Clothing,Delhi,CUST8396,10,412,4120,UPI,In Transit,4
ORD100741,27-05-2022,01-06-2022,07-06-2022,Electronics,Karnataka,CUST4146,6,614,3684,Debit Card,In Transit,5
ORD100742,10-06-2022,12-06-2022,18-06-2022,Beauty,Delhi,CUST3803,6,2484,14904,UPI,Cancelled,5
ORD100743,11-08-2022,16-08-2022,22-08-2022,Toys,Karnataka,CUST4977,9,2752,24768,Net Banking,In Transit,2
ORD100744,25-05-2022,29-05-2022,01-06-2022,Footwear,Punjab,CUST3275,9,3878,34902,Wallet,Returned,4
ORD100745,20-10-2023,23-10-2023,27-10-2023,Footwear,Maharashtra,CUST8799,9,680,6120,Credit Card,Cancelled,2
ORD100746,12-10-2022,14-10-2022,16-10-2022,Books,Punjab,CUST3832,1,1302,1302,Net Banking,Returned,1
ORD100747,04-08-2023,05-08-2023,10-08-2023,Footwear,Delhi,CUST3882,2,3831,7662,UPI,Delivered,5
ORD100748,14-10-2023,17-10-2023,24-10-2023,Toys,Karnataka,CUST9987,7,3529,24703,Debit Card,Cancelled,3
ORD100749,11-10-2023,12-10-2023,17-10-2023,Toys,Maharashtra,CUST4196,2,4061,8122,Credit Card,Delivered,
ORD100750,14-12-2022,14-12-2022,16-12-2022,Books,Kerala,CUST3843,5,2155,10775,Credit Card,Delivered,
ORD100751,24-09-2022,28-09-2022,30-09-2022,Grocery,Punjab,CUST4169,8,3476,27808,Credit Card,In Transit,1
ORD100752,03-05-2023,08-05-2023,11-05-2023,Home Decor,Delhi,CUST3423,1,4970,4970,Debit Card,In Transit,1
ORD100753,06-11-2023,10-11-2023,12-11-2023,Footwear,Delhi,CUST9967,2,3634,7268,UPI,In Transit,5
ORD100754,08-05-2022,12-05-2022,13-05-2022,Home Decor,Uttar Pradesh,CUST4057,6,1835,11010,Debit Card,Cancelled,5
ORD100755,23-08-2023,28-08-2023,31-08-2023,Electronics,Maharashtra,CUST5551,2,4519,9038,Net Banking,In Transit,2
ORD100756,24-01-2023,25-01-2023,26-01-2023,Toys,Maharashtra,CUST9843,7,622,4354,Wallet,In Transit,
ORD100757,09-04-2022,11-04-2022,15-04-2022,Beauty,Uttar Pradesh,CUST6460,5,4562,22810,Credit Card,Returned,3
ORD100758,10-05-2023,10-05-2023,11-05-2023,Footwear,Gujarat,CUST3877,8,3754,30032,Net Banking,Returned,4
ORD100759,06-01-2022,10-01-2022,15-01-2022,Footwear,Uttar Pradesh,CUST4793,3,2301,6903,Debit Card,Returned,
ORD100760,31-10-2023,05-11-2023,09-11-2023,Books,Gujarat,CUST9235,4,3253,13012,Debit Card,In Transit,2
ORD100761,11-10-2023,15-10-2023,19-10-2023,Grocery,Delhi,CUST1317,10,1858,18580,Wallet,Returned,4
ORD100762,21-08-2023,26-08-2023,28-08-2023,Electronics,Kerala,CUST9236,3,1131,3393,UPI,Returned,5
ORD100763,22-10-2022,23-10-2022,26-10-2022,Grocery,Maharashtra,CUST7099,5,2223,11115,Credit Card,In Transit,4
ORD100764,26-10-2022,30-10-2022,02-11-2022,Electronics,Karnataka,CUST7867,10,403,4030,Wallet,Cancelled,2
ORD100765,09-12-2022,12-12-2022,13-12-2022,Clothing,Tamil Nadu,CUST9942,4,2346,9384,Debit Card,In Transit,1
ORD100766,07-10-2023,09-10-2023,15-10-2023,Beauty,Tamil Nadu,CUST8310,4,3041,12164,Wallet,Cancelled,5
ORD100767,25-10-2022,29-10-2022,30-10-2022,Footwear,Punjab,CUST4589,5,3970,19850,Debit Card,Returned,2
ORD100768,06-02-2023,08-02-2023,11-02-2023,Footwear,Uttar Pradesh,CUST2130,9,1021,9189,Debit Card,Cancelled,4
ORD100769,29-11-2023,30-11-2023,06-12-2023,Beauty,Maharashtra,CUST4977,3,737,2211,Debit Card,Delivered,1
ORD100770,07-09-2022,08-09-2022,15-09-2022,Books,Kerala,CUST7034,9,640,5760,Net Banking,In Transit,1
ORD100771,28-06-2023,29-06-2023,04-07-2023,Books,Maharashtra,CUST7466,1,4416,4416,Wallet,In Transit,3
ORD100772,06-03-2023,09-03-2023,13-03-2023,Electronics,Uttar Pradesh,CUST8444,7,4151,29057,Credit Card,Delivered,
ORD100773,06-06-2022,09-06-2022,15-06-2022,Electronics,Uttar Pradesh,CUST8545,2,4282,8564,Net Banking,In Transit,3
ORD100774,19-02-2023,23-02-2023,26-02-2023,Home Decor,Maharashtra,CUST8933,3,1533,4599,Net Banking,Cancelled,1
ORD100775,21-04-2023,24-04-2023,30-04-2023,Home Decor,Kerala,CUST6145,2,1504,3008,Wallet,Returned,1
ORD100776,20-06-2022,20-06-2022,24-06-2022,Clothing,Tamil Nadu,CUST3018,1,4496,4496,Wallet,Returned,3
ORD100777,07-11-2023,12-11-2023,16-11-2023,Books,Maharashtra,CUST7911,10,4220,42200,Wallet,Delivered,1
ORD100778,28-09-2022,03-10-2022,05-10-2022,Books,Gujarat,CUST5256,8,922,7376,Net Banking,In Transit,
ORD100779,04-04-2022,09-04-2022,12-04-2022,Home Decor,Uttar Pradesh,CUST5124,10,209,2090,Wallet,Delivered,5
ORD100780,03-09-2023,07-09-2023,08-09-2023,Footwear,Karnataka,CUST2651,1,856,856,Credit Card,In Transit,1
ORD100781,10-01-2022,11-01-2022,13-01-2022,Books,Uttar Pradesh,CUST3474,10,1353,13530,Debit Card,Returned,2
ORD100782,13-05-2022,18-05-2022,21-05-2022,Beauty,Maharashtra,CUST8205,7,1586,11102,UPI,Delivered,1
ORD100783,20-02-2023,23-02-2023,26-02-2023,Toys,Gujarat,CUST5059,10,1429,14290,UPI,Returned,5
ORD100784,11-04-2023,15-04-2023,21-04-2023,Toys,Kerala,CUST9985,7,597,4179,Net Banking,Delivered,2
ORD100785,05-06-2022,06-06-2022,10-06-2022,Clothing,Delhi,CUST6565,7,4405,30835,Wallet,Cancelled,2
ORD100786,16-08-2023,16-08-2023,19-08-2023,Footwear,Karnataka,CUST2023,5,1542,7710,UPI,Cancelled,4
ORD100787,30-06-2023,05-07-2023,07-07-2023,Electronics,Punjab,CUST7163,1,4081,4081,Wallet,Returned,5
ORD100788,23-04-2022,24-04-2022,30-04-2022,Footwear,Uttar Pradesh,CUST7683,2,4614,9228,Net Banking,Delivered,5
ORD100789,30-08-2023,30-08-2023,05-09-2023,Electronics,Maharashtra,CUST9686,5,950,4750,Debit Card,Delivered,4
ORD100790,04-10-2022,05-10-2022,08-10-2022,Electronics,Karnataka,CUST8796,5,3036,15180,Credit Card,Delivered,3
ORD100791,25-09-2023,27-09-2023,01-10-2023,Home Decor,Punjab,CUST2523,9,4765,42885,Debit Card,Cancelled,4
ORD100792,12-02-2022,15-02-2022,17-02-2022,Grocery,Gujarat,CUST1183,5,1557,7785,Credit Card,In Transit,1
ORD100793,28-10-2022,31-10-2022,02-11-2022,Books,Karnataka,CUST6225,4,4708,18832,UPI,Cancelled,1
ORD100794,17-06-2023,20-06-2023,21-06-2023,Beauty,Gujarat,CUST2796,9,587,5283,Wallet,Delivered,4
ORD100795,06-01-2023,06-01-2023,08-01-2023,Clothing,Kerala,CUST3563,10,1438,14380,Debit Card,Returned,4
ORD100796,05-08-2023,05-08-2023,09-08-2023,Clothing,Kerala,CUST1152,10,3303,33030,Net Banking,In Transit,3
ORD100797,19-03-2022,22-03-2022,27-03-2022,Grocery,Karnataka,CUST7207,7,802,5614,Credit Card,Cancelled,5
ORD100798,16-04-2022,20-04-2022,21-04-2022,Footwear,Karnataka,CUST2849,5,1173,5865,Credit Card,Returned,
ORD100799,14-01-2023,19-01-2023,24-01-2023,Home Decor,Karnataka,CUST3208,10,210,2100,UPI,Returned,3
ORD100800,01-12-2022,06-12-2022,12-12-2022,Books,Uttar Pradesh,CUST5447,4,652,2608,Debit Card,Delivered,1
ORD100801,06-03-2023,09-03-2023,11-03-2023,Clothing,Tamil Nadu,CUST1460,10,1070,10700,Credit Card,Delivered,1
ORD100802,17-01-2022,22-01-2022,29-01-2022,Electronics,Karnataka,CUST8644,6,2935,17610,Net Banking,Delivered,5
ORD100803,05-05-2022,07-05-2022,14-05-2022,Beauty,Gujarat,CUST7263,6,2075,12450,Credit Card,Cancelled,
ORD100804,27-08-2022,01-09-2022,06-09-2022,Footwear,Gujarat,CUST6986,5,3093,15465,UPI,Cancelled,5
ORD100805,15-02-2023,16-02-2023,19-02-2023,Footwear,Uttar Pradesh,CUST8505,5,2224,11120,Wallet,Cancelled,
ORD100806,17-07-2023,22-07-2023,24-07-2023,Beauty,Punjab,CUST8085,1,3998,3998,Wallet,Returned,2
ORD100807,10-09-2022,11-09-2022,13-09-2022,Home Decor,Uttar Pradesh,CUST9554,3,3258,9774,Wallet,Delivered,
ORD100808,05-06-2022,05-06-2022,10-06-2022,Footwear,Maharashtra,CUST4267,9,1306,11754,Debit Card,Cancelled,5
ORD100809,06-09-2023,09-09-2023,16-09-2023,Clothing,Karnataka,CUST1546,3,1579,4737,Net Banking,Delivered,3
ORD100810,24-01-2022,28-01-2022,04-02-2022,Electronics,Delhi,CUST5482,1,4816,4816,Debit Card,Delivered,5
ORD100811,07-08-2022,12-08-2022,16-08-2022,Footwear,Tamil Nadu,CUST6659,10,2642,26420,UPI,In Transit,3
ORD100812,09-10-2022,14-10-2022,17-10-2022,Grocery,Kerala,CUST9808,7,1697,11879,Debit Card,In Transit,3
ORD100813,11-11-2022,15-11-2022,17-11-2022,Toys,Tamil Nadu,CUST9644,9,2443,21987,Net Banking,Cancelled,4
ORD100814,17-06-2023,18-06-2023,24-06-2023,Electronics,Uttar Pradesh,CUST6840,8,2277,18216,Wallet,In Transit,
ORD100815,05-04-2023,07-04-2023,12-04-2023,Grocery,Tamil Nadu,CUST8343,3,4503,13509,Wallet,Returned,4
ORD100816,05-07-2022,05-07-2022,06-07-2022,Grocery,Kerala,CUST7353,4,4765,19060,Net Banking,Cancelled,2
ORD100817,05-09-2023,05-09-2023,10-09-2023,Clothing,Uttar Pradesh,CUST8926,7,290,2030,UPI,Returned,4
ORD100818,17-06-2023,22-06-2023,24-06-2023,Beauty,Karnataka,CUST5075,1,4894,4894,Wallet,Delivered,
ORD100819,17-01-2022,22-01-2022,25-01-2022,Toys,Karnataka,CUST6985,1,3366,3366,Wallet,Cancelled,
ORD100820,21-08-2023,24-08-2023,26-08-2023,Footwear,Gujarat,CUST4099,7,323,2261,Debit Card,Returned,2
ORD100821,25-10-2023,28-10-2023,04-11-2023,Books,Delhi,CUST2494,2,3300,6600,UPI,Delivered,5
ORD100822,10-05-2022,15-05-2022,19-05-2022,Beauty,Uttar Pradesh,CUST7797,4,2816,11264,Credit Card,Returned,
ORD100823,19-03-2022,20-03-2022,26-03-2022,Grocery,Karnataka,CUST3738,4,4076,16304,Wallet,Cancelled,4
ORD100824,10-08-2022,14-08-2022,18-08-2022,Books,Tamil Nadu,CUST8326,7,720,5040,Credit Card,Returned,4
ORD100825,21-08-2023,26-08-2023,29-08-2023,Home Decor,Karnataka,CUST1386,4,4358,17432,UPI,Returned,3
ORD100826,12-08-2022,16-08-2022,20-08-2022,Footwear,Uttar Pradesh,CUST2961,1,1098,1098,Wallet,Returned,
ORD100827,15-07-2023,15-07-2023,20-07-2023,Home Decor,Delhi,CUST9946,9,3407,30663,UPI,Delivered,4
ORD100828,17-08-2022,22-08-2022,26-08-2022,Electronics,Gujarat,CUST7636,10,274,2740,Wallet,Cancelled,1
ORD100829,18-09-2023,23-09-2023,25-09-2023,Footwear,Gujarat,CUST7174,2,3480,6960,UPI,Delivered,
ORD100830,18-09-2022,18-09-2022,24-09-2022,Clothing,Tamil Nadu,CUST4274,3,1687,5061,Net Banking,Returned,5
ORD100831,30-03-2023,31-03-2023,04-04-2023,Toys,Uttar Pradesh,CUST8109,3,337,1011,Net Banking,Cancelled,2
ORD100832,10-01-2023,15-01-2023,16-01-2023,Beauty,Uttar Pradesh,CUST7145,3,807,2421,Wallet,Cancelled,
ORD100833,09-09-2022,09-09-2022,15-09-2022,Footwear,Karnataka,CUST3911,9,635,5715,Net Banking,Returned,3
ORD100834,15-10-2022,16-10-2022,17-10-2022,Toys,Karnataka,CUST7840,9,3658,32922,Wallet,Delivered,2
ORD100835,12-07-2022,14-07-2022,20-07-2022,Grocery,Tamil Nadu,CUST7162,6,4632,27792,Credit Card,Delivered,3
ORD100836,27-09-2022,27-09-2022,04-10-2022,Beauty,Maharashtra,CUST2161,3,352,1056,UPI,In Transit,3
ORD100837,05-05-2022,07-05-2022,14-05-2022,Beauty,Tamil Nadu,CUST7311,1,902,902,Wallet,Returned,5
ORD100838,29-10-2023,02-11-2023,04-11-2023,Clothing,Maharashtra,CUST4773,8,2337,18696,Wallet,Cancelled,5
ORD100839,07-03-2023,07-03-2023,14-03-2023,Home Decor,Gujarat,CUST1311,8,1554,12432,Net Banking,Delivered,1
ORD100840,22-03-2022,24-03-2022,27-03-2022,Toys,Uttar Pradesh,CUST6796,5,2341,11705,Credit Card,Delivered,4
ORD100841,14-12-2022,16-12-2022,21-12-2022,Grocery,Tamil Nadu,CUST5912,7,4574,32018,Net Banking,Cancelled,1
ORD100842,31-07-2022,04-08-2022,10-08-2022,Electronics,Tamil Nadu,CUST5052,7,1955,13685,Debit Card,Returned,1
ORD100843,25-01-2023,25-01-2023,31-01-2023,Toys,Karnataka,CUST9081,4,3277,13108,Debit Card,Delivered,2
ORD100844,10-09-2023,12-09-2023,13-09-2023,Grocery,Delhi,CUST6737,4,3066,12264,UPI,Cancelled,1
ORD100845,13-12-2022,13-12-2022,18-12-2022,Beauty,Kerala,CUST3278,1,1488,1488,Debit Card,Cancelled,4
ORD100846,19-03-2023,19-03-2023,21-03-2023,Toys,Gujarat,CUST5614,6,2835,17010,Debit Card,Delivered,3
ORD100847,13-07-2023,15-07-2023,16-07-2023,Books,Maharashtra,CUST7173,5,1453,7265,UPI,Delivered,4
ORD100848,05-09-2022,06-09-2022,11-09-2022,Grocery,Gujarat,CUST6794,1,2364,2364,Debit Card,Cancelled,1
ORD100849,06-11-2023,11-11-2023,16-11-2023,Beauty,Kerala,CUST3524,10,2936,29360,Wallet,Returned,5
ORD100850,02-06-2022,04-06-2022,09-06-2022,Books,Maharashtra,CUST8837,6,3220,19320,UPI,Delivered,
ORD100851,27-09-2023,28-09-2023,04-10-2023,Books,Maharashtra,CUST5363,6,4241,25446,Credit Card,In Transit,1
ORD100852,22-12-2022,25-12-2022,31-12-2022,Home Decor,Karnataka,CUST9984,4,2087,8348,Credit Card,In Transit,4
ORD100853,10-05-2022,11-05-2022,12-05-2022,Electronics,Uttar Pradesh,CUST9855,10,3499,34990,Credit Card,Delivered,5
ORD100854,02-06-2022,06-06-2022,12-06-2022,Beauty,Karnataka,CUST2257,2,2084,4168,Wallet,In Transit,
ORD100855,18-02-2022,22-02-2022,26-02-2022,Clothing,Punjab,CUST7374,5,850,4250,Credit Card,Returned,5
ORD100856,22-10-2023,26-10-2023,31-10-2023,Home Decor,Tamil Nadu,CUST3464,3,2402,7206,Debit Card,In Transit,
ORD100857,03-05-2022,03-05-2022,10-05-2022,Beauty,Gujarat,CUST3314,5,1145,5725,Debit Card,Returned,2
ORD100858,15-12-2022,20-12-2022,27-12-2022,Books,Gujarat,CUST5766,9,1728,15552,Credit Card,Delivered,3
ORD100859,14-09-2022,14-09-2022,15-09-2022,Books,Delhi,CUST7403,1,582,582,UPI,Cancelled,1
ORD100860,15-09-2023,15-09-2023,20-09-2023,Books,Karnataka,CUST6782,5,4959,24795,Debit Card,Returned,2
ORD100861,24-05-2022,24-05-2022,26-05-2022,Home Decor,Karnataka,CUST1786,6,574,3444,Wallet,Returned,2
ORD100862,11-05-2023,11-05-2023,18-05-2023,Electronics,Uttar Pradesh,CUST1331,4,4931,19724,Debit Card,Returned,
ORD100863,05-05-2023,07-05-2023,08-05-2023,Electronics,Maharashtra,CUST6484,1,4630,4630,Wallet,In Transit,4
ORD100864,07-02-2022,07-02-2022,10-02-2022,Clothing,Uttar Pradesh,CUST6517,5,2543,12715,UPI,Returned,1
ORD100865,24-08-2022,24-08-2022,27-08-2022,Toys,Punjab,CUST1147,9,4421,39789,UPI,Delivered,5
ORD100866,18-11-2023,19-11-2023,23-11-2023,Books,Maharashtra,CUST1547,5,4626,23130,Net Banking,Returned,4
ORD100867,11-10-2022,12-10-2022,17-10-2022,Books,Uttar Pradesh,CUST1411,2,4406,8812,UPI,Returned,1
ORD100868,16-11-2023,16-11-2023,19-11-2023,Grocery,Tamil Nadu,CUST5796,1,197,197,Debit Card,Returned,3
ORD100869,20-03-2022,25-03-2022,28-03-2022,Grocery,Punjab,CUST5016,2,2015,4030,Net Banking,In Transit,4
ORD100870,03-10-2023,08-10-2023,13-10-2023,Beauty,Tamil Nadu,CUST4420,2,540,1080,Credit Card,In Transit,2
ORD100871,15-09-2022,20-09-2022,24-09-2022,Clothing,Gujarat,CUST9341,2,4818,9636,Debit Card,Returned,3
ORD100872,27-06-2023,01-07-2023,06-07-2023,Electronics,Kerala,CUST2892,9,1502,13518,Net Banking,Delivered,1
ORD100873,17-06-2022,20-06-2022,27-06-2022,Footwear,Karnataka,CUST4692,1,4409,4409,UPI,Returned,5
ORD100874,09-08-2022,10-08-2022,15-08-2022,Grocery,Maharashtra,CUST3273,6,4065,24390,Credit Card,Returned,3
ORD100875,06-08-2022,06-08-2022,13-08-2022,Home Decor,Maharashtra,CUST2240,7,728,5096,Debit Card,Delivered,1
ORD100876,25-06-2022,27-06-2022,29-06-2022,Clothing,Kerala,CUST8857,7,4204,29428,Credit Card,Cancelled,5
ORD100877,15-04-2022,20-04-2022,21-04-2022,Footwear,Gujarat,CUST2205,7,3616,25312,Debit Card,In Transit,
ORD100878,04-04-2022,05-04-2022,06-04-2022,Beauty,Tamil Nadu,CUST8551,7,489,3423,UPI,Returned,5
ORD100879,24-08-2023,27-08-2023,03-09-2023,Beauty,Karnataka,CUST2560,1,3879,3879,Net Banking,Returned,2
ORD100880,01-10-2023,04-10-2023,06-10-2023,Toys,Maharashtra,CUST7262,8,1868,14944,Credit Card,Delivered,
ORD100881,15-12-2022,18-12-2022,25-12-2022,Electronics,Kerala,CUST9317,8,589,4712,UPI,Delivered,3
ORD100882,28-08-2022,31-08-2022,06-09-2022,Electronics,Gujarat,CUST8926,4,2295,9180,Net Banking,In Transit,3
ORD100883,28-01-2022,31-01-2022,02-02-2022,Grocery,Punjab,CUST8266,7,3404,23828,Wallet,In Transit,3
ORD100884,14-10-2022,18-10-2022,22-10-2022,Beauty,Kerala,CUST6420,7,2718,19026,UPI,Delivered,1
ORD100885,09-04-2022,09-04-2022,11-04-2022,Beauty,Punjab,CUST6330,10,2603,26030,Wallet,Returned,4
ORD100886,06-09-2022,06-09-2022,13-09-2022,Electronics,Maharashtra,CUST6222,2,3369,6738,Credit Card,Cancelled,2
ORD100887,06-03-2022,11-03-2022,14-03-2022,Books,Tamil Nadu,CUST8729,4,1965,7860,Debit Card,Cancelled,5
ORD100888,25-03-2022,25-03-2022,28-03-2022,Grocery,Tamil Nadu,CUST8821,4,2527,10108,UPI,Delivered,4
ORD100889,15-07-2023,18-07-2023,25-07-2023,Home Decor,Kerala,CUST7973,1,1734,1734,Debit Card,Delivered,2
ORD100890,14-09-2022,14-09-2022,20-09-2022,Beauty,Gujarat,CUST7618,2,192,384,Debit Card,In Transit,5
ORD100891,06-11-2023,09-11-2023,11-11-2023,Grocery,Kerala,CUST6546,8,3912,31296,UPI,In Transit,3
ORD100892,01-12-2023,06-12-2023,07-12-2023,Home Decor,Kerala,CUST8784,3,4290,12870,Debit Card,Delivered,4
ORD100893,20-06-2022,24-06-2022,28-06-2022,Books,Punjab,CUST2783,7,4531,31717,Net Banking,Delivered,
ORD100894,16-06-2023,17-06-2023,24-06-2023,Books,Tamil Nadu,CUST1092,5,2954,14770,Net Banking,Cancelled,3
ORD100895,10-02-2022,15-02-2022,21-02-2022,Books,Karnataka,CUST7180,9,3189,28701,Wallet,Cancelled,
ORD100896,15-06-2022,18-06-2022,21-06-2022,Clothing,Uttar Pradesh,CUST6299,2,4980,9960,UPI,Cancelled,2
ORD100897,11-07-2023,13-07-2023,18-07-2023,Footwear,Uttar Pradesh,CUST1040,1,510,510,UPI,In Transit,2
ORD100898,03-06-2023,07-06-2023,12-06-2023,Footwear,Gujarat,CUST4295,10,2891,28910,Credit Card,Delivered,3
ORD100899,12-03-2022,12-03-2022,17-03-2022,Grocery,Kerala,CUST2696,10,3461,34610,Credit Card,Delivered,1
ORD100900,13-11-2023,14-11-2023,19-11-2023,Home Decor,Maharashtra,CUST7531,9,917,8253,Net Banking,Returned,3
ORD100901,06-09-2023,11-09-2023,13-09-2023,Grocery,Maharashtra,CUST1981,5,2532,12660,Wallet,In Transit,1
ORD100902,26-05-2022,30-05-2022,04-06-2022,Grocery,Tamil Nadu,CUST3011,10,3848,38480,UPI,Returned,1
ORD100903,29-09-2023,30-09-2023,01-10-2023,Books,Gujarat,CUST6775,9,762,6858,Credit Card,In Transit,
ORD100904,23-02-2022,26-02-2022,04-03-2022,Books,Uttar Pradesh,CUST1672,8,3108,24864,Wallet,Cancelled,3
ORD100905,10-10-2023,15-10-2023,19-10-2023,Footwear,Punjab,CUST1197,8,4729,37832,Debit Card,Delivered,2
ORD100906,27-04-2022,02-05-2022,08-05-2022,Home Decor,Gujarat,CUST5165,5,2646,13230,Credit Card,Cancelled,1
ORD100907,03-12-2022,03-12-2022,09-12-2022,Toys,Delhi,CUST8400,1,2309,2309,Credit Card,In Transit,4
ORD100908,12-08-2022,16-08-2022,20-08-2022,Toys,Uttar Pradesh,CUST2386,1,401,401,Wallet,Delivered,
ORD100909,11-05-2023,13-05-2023,20-05-2023,Beauty,Tamil Nadu,CUST3273,9,2132,19188,Debit Card,Returned,1
ORD100910,06-10-2023,09-10-2023,11-10-2023,Clothing,Delhi,CUST4637,1,2217,2217,Net Banking,Cancelled,4
ORD100911,09-02-2022,10-02-2022,11-02-2022,Electronics,Maharashtra,CUST1223,5,1385,6925,Net Banking,Delivered,3
ORD100912,24-05-2022,24-05-2022,28-05-2022,Home Decor,Delhi,CUST2676,6,358,2148,Credit Card,Delivered,3
ORD100913,27-09-2022,01-10-2022,04-10-2022,Clothing,Gujarat,CUST1842,3,2399,7197,Wallet,Delivered,4
ORD100914,02-09-2023,06-09-2023,09-09-2023,Toys,Gujarat,CUST3661,8,2631,21048,Debit Card,Cancelled,2
ORD100915,24-01-2022,29-01-2022,03-02-2022,Electronics,Delhi,CUST2213,6,3498,20988,Debit Card,Returned,4
ORD100916,22-08-2022,22-08-2022,26-08-2022,Footwear,Tamil Nadu,CUST3778,5,1132,5660,Net Banking,Returned,
ORD100917,31-10-2022,01-11-2022,02-11-2022,Clothing,Delhi,CUST8779,8,4992,39936,Credit Card,Delivered,5
ORD100918,21-06-2023,26-06-2023,28-06-2023,Books,Uttar Pradesh,CUST8477,7,206,1442,Debit Card,In Transit,3
ORD100919,11-07-2022,14-07-2022,21-07-2022,Toys,Kerala,CUST6279,6,649,3894,Net Banking,Cancelled,1
ORD100920,08-06-2022,13-06-2022,14-06-2022,Clothing,Punjab,CUST9759,1,1304,1304,Credit Card,In Transit,2
ORD100921,10-01-2022,12-01-2022,13-01-2022,Electronics,Kerala,CUST8635,7,3453,24171,Debit Card,Returned,4
ORD100922,17-12-2022,17-12-2022,18-12-2022,Books,Punjab,CUST5110,10,2080,20800,Credit Card,Delivered,
ORD100923,11-06-2022,11-06-2022,15-06-2022,Books,Karnataka,CUST7052,10,4967,49670,UPI,Returned,3
ORD100924,20-08-2022,20-08-2022,25-08-2022,Electronics,Kerala,CUST5173,2,1396,2792,UPI,Returned,4
ORD100925,14-06-2022,15-06-2022,16-06-2022,Clothing,Karnataka,CUST7573,3,1228,3684,UPI,Cancelled,3
ORD100926,10-05-2022,14-05-2022,21-05-2022,Beauty,Karnataka,CUST7107,2,3189,6378,Net Banking,Returned,4
ORD100927,06-10-2023,09-10-2023,11-10-2023,Toys,Punjab,CUST8610,7,1166,8162,UPI,Cancelled,3
ORD100928,13-09-2022,16-09-2022,19-09-2022,Grocery,Gujarat,CUST5858,9,1788,16092,UPI,Returned,1
ORD100929,02-12-2023,02-12-2023,08-12-2023,Beauty,Gujarat,CUST7552,7,4934,34538,UPI,In Transit,
ORD100930,25-05-2022,26-05-2022,27-05-2022,Home Decor,Maharashtra,CUST7402,2,2621,5242,Debit Card,In Transit,5
ORD100931,15-09-2022,19-09-2022,26-09-2022,Beauty,Uttar Pradesh,CUST5763,9,407,3663,Debit Card,Delivered,1
ORD100932,22-08-2023,26-08-2023,02-09-2023,Grocery,Karnataka,CUST2600,4,2999,11996,UPI,Cancelled,1
ORD100933,11-04-2023,11-04-2023,14-04-2023,Toys,Punjab,CUST7267,5,2130,10650,Net Banking,Returned,
ORD100934,27-07-2022,31-07-2022,03-08-2022,Grocery,Uttar Pradesh,CUST3016,1,2699,2699,UPI,Returned,2
ORD100935,22-06-2023,25-06-2023,02-07-2023,Books,Delhi,CUST4648,9,1128,10152,Net Banking,Cancelled,4
ORD100936,09-08-2022,09-08-2022,14-08-2022,Footwear,Kerala,CUST6894,10,3001,30010,Net Banking,Cancelled,
ORD100937,31-08-2022,02-09-2022,08-09-2022,Beauty,Kerala,CUST5589,10,3473,34730,Wallet,In Transit,2
ORD100938,14-06-2022,17-06-2022,22-06-2022,Books,Uttar Pradesh,CUST4609,2,2724,5448,Wallet,Cancelled,2
ORD100939,23-06-2023,24-06-2023,29-06-2023,Home Decor,Delhi,CUST1088,6,2811,16866,UPI,Delivered,3
ORD100940,20-06-2023,25-06-2023,29-06-2023,Electronics,Gujarat,CUST9295,10,4572,45720,Wallet,Cancelled,5
ORD100941,12-05-2022,17-05-2022,18-05-2022,Clothing,Maharashtra,CUST7406,4,4860,19440,Debit Card,In Transit,5
ORD100942,22-10-2022,24-10-2022,26-10-2022,Toys,Punjab,CUST6995,5,1575,7875,Credit Card,In Transit,1
ORD100943,24-02-2023,01-03-2023,04-03-2023,Footwear,Tamil Nadu,CUST6424,2,764,1528,Wallet,Returned,1
ORD100944,27-05-2022,28-05-2022,31-05-2022,Clothing,Uttar Pradesh,CUST2694,10,2667,26670,Credit Card,Returned,4
ORD100945,26-04-2023,01-05-2023,03-05-2023,Electronics,Maharashtra,CUST7086,9,2643,23787,Wallet,Returned,
ORD100946,03-07-2023,07-07-2023,11-07-2023,Beauty,Gujarat,CUST2439,10,3453,34530,Wallet,Delivered,1
ORD100947,24-03-2023,24-03-2023,28-03-2023,Electronics,Gujarat,CUST8717,10,3199,31990,Net Banking,Delivered,5
ORD100948,30-08-2022,30-08-2022,02-09-2022,Electronics,Gujarat,CUST5167,6,3472,20832,UPI,Delivered,
ORD100949,28-01-2023,02-02-2023,05-02-2023,Electronics,Punjab,CUST4666,8,3342,26736,Wallet,Delivered,2
